<?xml version="1.0" encoding="utf-8" ?>
<dwsync>
<file name="00072.jpg" server="ftp.bennettcodes.com//" local="131224140280000000" remote="131227186800000000" Dst="2" />
<file name="00073.jpg" server="ftp.bennettcodes.com//" local="131224140280000000" remote="131227186800000000" Dst="2" />
<file name="00074.jpg" server="ftp.bennettcodes.com//" local="131224140280000000" remote="131227186800000000" Dst="2" />
<file name="00075.jpg" server="ftp.bennettcodes.com//" local="131224140300000000" remote="131227186800000000" Dst="2" />
<file name="00076.jpg" server="ftp.bennettcodes.com//" local="131224140300000000" remote="131227186800000000" Dst="2" />
<file name="00077.jpg" server="ftp.bennettcodes.com//" local="131224140300000000" remote="131227186800000000" Dst="2" />
<file name="00078.jpg" server="ftp.bennettcodes.com//" local="131224140300000000" remote="131227186800000000" Dst="2" />
<file name="00079.jpg" server="ftp.bennettcodes.com//" local="131224140300000000" remote="131227186800000000" Dst="2" />
<file name="00080.jpg" server="ftp.bennettcodes.com//" local="131224140300000000" remote="131227186800000000" Dst="2" />
<file name="00081.jpg" server="ftp.bennettcodes.com//" local="131224140300000000" remote="131227186800000000" Dst="2" />
<file name="00082.jpg" server="ftp.bennettcodes.com//" local="131224140300000000" remote="131227186800000000" Dst="2" />
<file name="00083.jpg" server="ftp.bennettcodes.com//" local="131224140300000000" remote="131227186800000000" Dst="2" />
<file name="00084.jpg" server="ftp.bennettcodes.com//" local="131224140300000000" remote="131227186800000000" Dst="2" />
<file name="00085.jpg" server="ftp.bennettcodes.com//" local="131224140320000000" remote="131227186800000000" Dst="2" />
<file name="00086.jpg" server="ftp.bennettcodes.com//" local="131224140320000000" remote="131227186800000000" Dst="2" />
<file name="00087.jpg" server="ftp.bennettcodes.com//" local="131224140320000000" remote="131227186800000000" Dst="2" />
<file name="00088.jpg" server="ftp.bennettcodes.com//" local="131224140320000000" remote="131227186800000000" Dst="2" />
<file name="00089.jpg" server="ftp.bennettcodes.com//" local="131224140320000000" remote="131227186800000000" Dst="2" />
<file name="00091.jpg" server="ftp.bennettcodes.com//" local="131224140320000000" remote="131227186800000000" Dst="2" />
<file name="00090.jpg" server="ftp.bennettcodes.com//" local="131224140320000000" remote="131227186800000000" Dst="2" />
<file name="00092.jpg" server="ftp.bennettcodes.com//" local="131224140320000000" remote="131227186800000000" Dst="2" />
<file name="00094.jpg" server="ftp.bennettcodes.com//" local="131224140320000000" remote="131227186800000000" Dst="2" />
<file name="00093.jpg" server="ftp.bennettcodes.com//" local="131224140320000000" remote="131227186800000000" Dst="2" />
<file name="00095.jpg" server="ftp.bennettcodes.com//" local="131224140340000000" remote="131227186800000000" Dst="2" />
<file name="00096.jpg" server="ftp.bennettcodes.com//" local="131224140340000000" remote="131227186800000000" Dst="2" />
<file name="00097.jpg" server="ftp.bennettcodes.com//" local="131224140340000000" remote="131227186800000000" Dst="2" />
<file name="00098.jpg" server="ftp.bennettcodes.com//" local="131224140340000000" remote="131227186800000000" Dst="2" />
<file name="00099.jpg" server="ftp.bennettcodes.com//" local="131224140340000000" remote="131227186800000000" Dst="2" />
<file name="00100.jpg" server="ftp.bennettcodes.com//" local="131224140340000000" remote="131227186800000000" Dst="2" />
<file name="00101.jpg" server="ftp.bennettcodes.com//" local="131224140340000000" remote="131227186800000000" Dst="2" />
<file name="00102.jpg" server="ftp.bennettcodes.com//" local="131224140340000000" remote="131227186800000000" Dst="2" />
<file name="00103.jpg" server="ftp.bennettcodes.com//" local="131224140340000000" remote="131224671600000000" Dst="2" />
<file name="00104.jpg" server="ftp.bennettcodes.com//" local="131224140340000000" remote="131224671600000000" Dst="2" />
<file name="00105.jpg" server="ftp.bennettcodes.com//" local="131224140360000000" remote="131224671600000000" Dst="2" />
<file name="00106.jpg" server="ftp.bennettcodes.com//" local="131224140360000000" remote="131224671600000000" Dst="2" />
<file name="00107.jpg" server="ftp.bennettcodes.com//" local="131224140360000000" remote="131224671600000000" Dst="2" />
<file name="00108.jpg" server="ftp.bennettcodes.com//" local="131224140360000000" remote="131224671600000000" Dst="2" />
<file name="00109.jpg" server="ftp.bennettcodes.com//" local="131224140360000000" remote="131224671600000000" Dst="2" />
<file name="00110.jpg" server="ftp.bennettcodes.com//" local="131224140360000000" remote="131224671600000000" Dst="2" />
<file name="00111.jpg" server="ftp.bennettcodes.com//" local="131224140360000000" remote="131224671600000000" Dst="2" />
<file name="00112.jpg" server="ftp.bennettcodes.com//" local="131224140360000000" remote="131224671600000000" Dst="2" />
<file name="00113.jpg" server="ftp.bennettcodes.com//" local="131224140360000000" remote="131224671600000000" Dst="2" />
<file name="00114.jpg" server="ftp.bennettcodes.com//" local="131224140360000000" remote="131224671600000000" Dst="2" />
<file name="00115.jpg" server="ftp.bennettcodes.com//" local="131224140360000000" remote="131224671600000000" Dst="2" />
<file name="00116.jpg" server="ftp.bennettcodes.com//" local="131224140380000000" remote="131224671600000000" Dst="2" />
<file name="00117.jpg" server="ftp.bennettcodes.com//" local="131224140380000000" remote="131224671600000000" Dst="2" />
<file name="00118.jpg" server="ftp.bennettcodes.com//" local="131224140380000000" remote="131224671600000000" Dst="2" />
<file name="00119.jpg" server="ftp.bennettcodes.com//" local="131224140380000000" remote="131224671600000000" Dst="2" />
<file name="00120.jpg" server="ftp.bennettcodes.com//" local="131224140380000000" remote="131224671600000000" Dst="2" />
<file name="00121.jpg" server="ftp.bennettcodes.com//" local="131224140380000000" remote="131224671600000000" Dst="2" />
<file name="00122.jpg" server="ftp.bennettcodes.com//" local="131224140380000000" remote="131224671600000000" Dst="2" />
<file name="00123.jpg" server="ftp.bennettcodes.com//" local="131224140380000000" remote="131224671600000000" Dst="2" />
<file name="00124.jpg" server="ftp.bennettcodes.com//" local="131224140380000000" remote="131224671600000000" Dst="2" />
<file name="00125.jpg" server="ftp.bennettcodes.com//" local="131224140380000000" remote="131224671600000000" Dst="2" />
<file name="00126.jpg" server="ftp.bennettcodes.com//" local="131224140400000000" remote="131224671600000000" Dst="2" />
<file name="00127.jpg" server="ftp.bennettcodes.com//" local="131224140400000000" remote="131224671600000000" Dst="2" />
<file name="00128.jpg" server="ftp.bennettcodes.com//" local="131224140400000000" remote="131224671600000000" Dst="2" />
<file name="00129.jpg" server="ftp.bennettcodes.com//" local="131224140400000000" remote="131224671600000000" Dst="2" />
<file name="00130.jpg" server="ftp.bennettcodes.com//" local="131224140400000000" remote="131224671600000000" Dst="2" />
<file name="00131.jpg" server="ftp.bennettcodes.com//" local="131224140400000000" remote="131224671600000000" Dst="2" />
<file name="00132.jpg" server="ftp.bennettcodes.com//" local="131224140400000000" remote="131224671600000000" Dst="2" />
<file name="00133.jpg" server="ftp.bennettcodes.com//" local="131224140400000000" remote="131224671600000000" Dst="2" />
<file name="00134.jpg" server="ftp.bennettcodes.com//" local="131224140400000000" remote="131224671600000000" Dst="2" />
<file name="00135.jpg" server="ftp.bennettcodes.com//" local="131224140400000000" remote="131224671600000000" Dst="2" />
<file name="00136.jpg" server="ftp.bennettcodes.com//" local="131224140420000000" remote="131224671600000000" Dst="2" />
<file name="00137.jpg" server="ftp.bennettcodes.com//" local="131224140420000000" remote="131224671600000000" Dst="2" />
<file name="00138.jpg" server="ftp.bennettcodes.com//" local="131224140420000000" remote="131224671600000000" Dst="2" />
<file name="00139.jpg" server="ftp.bennettcodes.com//" local="131224140420000000" remote="131224671600000000" Dst="2" />
<file name="00140.jpg" server="ftp.bennettcodes.com//" local="131224140420000000" remote="131224671600000000" Dst="2" />
<file name="00141.jpg" server="ftp.bennettcodes.com//" local="131224140420000000" remote="131224671600000000" Dst="2" />
<file name="00142.jpg" server="ftp.bennettcodes.com//" local="131224140420000000" remote="131224671600000000" Dst="2" />
<file name="00143.jpg" server="ftp.bennettcodes.com//" local="131224140420000000" remote="131224671600000000" Dst="2" />
<file name="00144.jpg" server="ftp.bennettcodes.com//" local="131224140420000000" remote="131224671600000000" Dst="2" />
<file name="00145.jpg" server="ftp.bennettcodes.com//" local="131224140420000000" remote="131224671600000000" Dst="2" />
<file name="00146.jpg" server="ftp.bennettcodes.com//" local="131224140440000000" remote="131224671600000000" Dst="2" />
<file name="00147.jpg" server="ftp.bennettcodes.com//" local="131224140440000000" remote="131224671600000000" Dst="2" />
<file name="00148.jpg" server="ftp.bennettcodes.com//" local="131224140440000000" remote="131224671600000000" Dst="2" />
<file name="00149.jpg" server="ftp.bennettcodes.com//" local="131224140440000000" remote="131224671600000000" Dst="2" />
<file name="00150.jpg" server="ftp.bennettcodes.com//" local="131224140440000000" remote="131224671600000000" Dst="2" />
<file name="00151.jpg" server="ftp.bennettcodes.com//" local="131224140440000000" remote="131224671600000000" Dst="2" />
<file name="00152.jpg" server="ftp.bennettcodes.com//" local="131224140440000000" remote="131224671600000000" Dst="2" />
<file name="00153.jpg" server="ftp.bennettcodes.com//" local="131224140440000000" remote="131224671600000000" Dst="2" />
<file name="00154.jpg" server="ftp.bennettcodes.com//" local="131224140440000000" remote="131224671600000000" Dst="2" />
<file name="00155.jpg" server="ftp.bennettcodes.com//" local="131224140440000000" remote="131224671600000000" Dst="2" />
<file name="00156.jpg" server="ftp.bennettcodes.com//" local="131224140440000000" remote="131224671600000000" Dst="2" />
<file name="00157.jpg" server="ftp.bennettcodes.com//" local="131224140460000000" remote="131224671600000000" Dst="2" />
<file name="00158.jpg" server="ftp.bennettcodes.com//" local="131224140460000000" remote="131224671600000000" Dst="2" />
<file name="00159.jpg" server="ftp.bennettcodes.com//" local="131224140460000000" remote="131224671600000000" Dst="2" />
<file name="00160.jpg" server="ftp.bennettcodes.com//" local="131224140460000000" remote="131224671600000000" Dst="2" />
<file name="00161.jpg" server="ftp.bennettcodes.com//" local="131224140460000000" remote="131224671600000000" Dst="2" />
<file name="00162.jpg" server="ftp.bennettcodes.com//" local="131224140460000000" remote="131224671600000000" Dst="2" />
<file name="00163.jpg" server="ftp.bennettcodes.com//" local="131224140460000000" remote="131224671600000000" Dst="2" />
<file name="00164.jpg" server="ftp.bennettcodes.com//" local="131224140460000000" remote="131224671600000000" Dst="2" />
<file name="00165.jpg" server="ftp.bennettcodes.com//" local="131224140460000000" remote="131224671600000000" Dst="2" />
<file name="00166.jpg" server="ftp.bennettcodes.com//" local="131224140460000000" remote="131224671600000000" Dst="2" />
<file name="00167.jpg" server="ftp.bennettcodes.com//" local="131224140480000000" remote="131224671600000000" Dst="2" />
<file name="00168.jpg" server="ftp.bennettcodes.com//" local="131224140480000000" remote="131224671600000000" Dst="2" />
<file name="00169.jpg" server="ftp.bennettcodes.com//" local="131224140480000000" remote="131224671600000000" Dst="2" />
<file name="00170.jpg" server="ftp.bennettcodes.com//" local="131224140480000000" remote="131224671600000000" Dst="2" />
<file name="00171.jpg" server="ftp.bennettcodes.com//" local="131224140480000000" remote="131224671600000000" Dst="2" />
<file name="00172.jpg" server="ftp.bennettcodes.com//" local="131224140480000000" remote="131224671600000000" Dst="2" />
<file name="00173.jpg" server="ftp.bennettcodes.com//" local="131224140480000000" remote="131224671600000000" Dst="2" />
<file name="00174.jpg" server="ftp.bennettcodes.com//" local="131224140480000000" remote="131224671600000000" Dst="2" />
<file name="00175.jpg" server="ftp.bennettcodes.com//" local="131224140500000000" remote="131224671600000000" Dst="2" />
<file name="00176.jpg" server="ftp.bennettcodes.com//" local="131224140500000000" remote="131224671600000000" Dst="2" />
<file name="00177.jpg" server="ftp.bennettcodes.com//" local="131224140500000000" remote="131224671600000000" Dst="2" />
<file name="00178.jpg" server="ftp.bennettcodes.com//" local="131224140500000000" remote="131224671600000000" Dst="2" />
<file name="00179.jpg" server="ftp.bennettcodes.com//" local="131224140500000000" remote="131224671600000000" Dst="2" />
<file name="00180.jpg" server="ftp.bennettcodes.com//" local="131224140500000000" remote="131224671600000000" Dst="2" />
<file name="00181.jpg" server="ftp.bennettcodes.com//" local="131224140500000000" remote="131224671600000000" Dst="2" />
<file name="00182.jpg" server="ftp.bennettcodes.com//" local="131224140500000000" remote="131224671600000000" Dst="2" />
<file name="00183.jpg" server="ftp.bennettcodes.com//" local="131224140500000000" remote="131224671600000000" Dst="2" />
<file name="00184.jpg" server="ftp.bennettcodes.com//" local="131224140500000000" remote="131224671600000000" Dst="2" />
<file name="00185.jpg" server="ftp.bennettcodes.com//" local="131224140500000000" remote="131224671600000000" Dst="2" />
<file name="00186.jpg" server="ftp.bennettcodes.com//" local="131224140520000000" remote="131224671600000000" Dst="2" />
<file name="00187.jpg" server="ftp.bennettcodes.com//" local="131224140520000000" remote="131224671600000000" Dst="2" />
<file name="00188.jpg" server="ftp.bennettcodes.com//" local="131224140520000000" remote="131224671600000000" Dst="2" />
<file name="00189.jpg" server="ftp.bennettcodes.com//" local="131224140520000000" remote="131224671600000000" Dst="2" />
<file name="00190.jpg" server="ftp.bennettcodes.com//" local="131224140520000000" remote="131224671600000000" Dst="2" />
<file name="00191.jpg" server="ftp.bennettcodes.com//" local="131224140520000000" remote="131224671600000000" Dst="2" />
<file name="00192.jpg" server="ftp.bennettcodes.com//" local="131224140520000000" remote="131224671600000000" Dst="2" />
<file name="00193.jpg" server="ftp.bennettcodes.com//" local="131224140520000000" remote="131224671600000000" Dst="2" />
<file name="00194.jpg" server="ftp.bennettcodes.com//" local="131224140520000000" remote="131224671600000000" Dst="2" />
<file name="00195.jpg" server="ftp.bennettcodes.com//" local="131224140520000000" remote="131224671600000000" Dst="2" />
<file name="00196.jpg" server="ftp.bennettcodes.com//" local="131224140520000000" remote="131224671600000000" Dst="2" />
<file name="00197.jpg" server="ftp.bennettcodes.com//" local="131224140540000000" remote="131224671600000000" Dst="2" />
<file name="00198.jpg" server="ftp.bennettcodes.com//" local="131224140540000000" remote="131224671600000000" Dst="2" />
<file name="00199.jpg" server="ftp.bennettcodes.com//" local="131224140540000000" remote="131224671600000000" Dst="2" />
<file name="00200.jpg" server="ftp.bennettcodes.com//" local="131224140540000000" remote="131224671600000000" Dst="2" />
<file name="00201.jpg" server="ftp.bennettcodes.com//" local="131224140540000000" remote="131224671600000000" Dst="2" />
<file name="00202.jpg" server="ftp.bennettcodes.com//" local="131224140540000000" remote="131224671600000000" Dst="2" />
<file name="00203.jpg" server="ftp.bennettcodes.com//" local="131224140540000000" remote="131224671600000000" Dst="2" />
<file name="00204.jpg" server="ftp.bennettcodes.com//" local="131224140540000000" remote="131224671600000000" Dst="2" />
<file name="00205.jpg" server="ftp.bennettcodes.com//" local="131224140540000000" remote="131224671600000000" Dst="2" />
<file name="00206.jpg" server="ftp.bennettcodes.com//" local="131224140540000000" remote="131224671600000000" Dst="2" />
<file name="00207.jpg" server="ftp.bennettcodes.com//" local="131224140560000000" remote="131224671600000000" Dst="2" />
<file name="00208.jpg" server="ftp.bennettcodes.com//" local="131224140560000000" remote="131224671600000000" Dst="2" />
<file name="00209.jpg" server="ftp.bennettcodes.com//" local="131224140560000000" remote="131224671600000000" Dst="2" />
<file name="00210.jpg" server="ftp.bennettcodes.com//" local="131224140560000000" remote="131224671600000000" Dst="2" />
<file name="00211.jpg" server="ftp.bennettcodes.com//" local="131224140560000000" remote="131224671600000000" Dst="2" />
<file name="00212.jpg" server="ftp.bennettcodes.com//" local="131224140560000000" remote="131224671600000000" Dst="2" />
<file name="00213.jpg" server="ftp.bennettcodes.com//" local="131224140560000000" remote="131224671600000000" Dst="2" />
<file name="00214.jpg" server="ftp.bennettcodes.com//" local="131224140560000000" remote="131224671600000000" Dst="2" />
<file name="00215.jpg" server="ftp.bennettcodes.com//" local="131224140560000000" remote="131224671600000000" Dst="2" />
<file name="00216.jpg" server="ftp.bennettcodes.com//" local="131224140580000000" remote="131224671600000000" Dst="2" />
<file name="00217.jpg" server="ftp.bennettcodes.com//" local="131224140580000000" remote="131224671600000000" Dst="2" />
<file name="00218.jpg" server="ftp.bennettcodes.com//" local="131224140580000000" remote="131224671600000000" Dst="2" />
<file name="00219.jpg" server="ftp.bennettcodes.com//" local="131224140580000000" remote="131224671600000000" Dst="2" />
<file name="00220.jpg" server="ftp.bennettcodes.com//" local="131224140580000000" remote="131224671600000000" Dst="2" />
<file name="00221.jpg" server="ftp.bennettcodes.com//" local="131224140580000000" remote="131224671600000000" Dst="2" />
<file name="00222.jpg" server="ftp.bennettcodes.com//" local="131224140580000000" remote="131224671600000000" Dst="2" />
<file name="00223.jpg" server="ftp.bennettcodes.com//" local="131224140580000000" remote="131224671600000000" Dst="2" />
<file name="00224.jpg" server="ftp.bennettcodes.com//" local="131224140580000000" remote="131224671600000000" Dst="2" />
<file name="00225.jpg" server="ftp.bennettcodes.com//" local="131224140580000000" remote="131224671600000000" Dst="2" />
<file name="00226.jpg" server="ftp.bennettcodes.com//" local="131224140580000000" remote="131224671600000000" Dst="2" />
<file name="00227.jpg" server="ftp.bennettcodes.com//" local="131224140600000000" remote="131224671600000000" Dst="2" />
<file name="00228.jpg" server="ftp.bennettcodes.com//" local="131224140600000000" remote="131224671600000000" Dst="2" />
<file name="00229.jpg" server="ftp.bennettcodes.com//" local="131224140600000000" remote="131224671600000000" Dst="2" />
<file name="00230.jpg" server="ftp.bennettcodes.com//" local="131224140600000000" remote="131224671600000000" Dst="2" />
<file name="00231.jpg" server="ftp.bennettcodes.com//" local="131224140600000000" remote="131224671600000000" Dst="2" />
<file name="00232.jpg" server="ftp.bennettcodes.com//" local="131224140600000000" remote="131224671600000000" Dst="2" />
<file name="00233.jpg" server="ftp.bennettcodes.com//" local="131224140600000000" remote="131224671600000000" Dst="2" />
<file name="00234.jpg" server="ftp.bennettcodes.com//" local="131224140600000000" remote="131224671600000000" Dst="2" />
<file name="00235.jpg" server="ftp.bennettcodes.com//" local="131224140600000000" remote="131224671600000000" Dst="2" />
<file name="00236.jpg" server="ftp.bennettcodes.com//" local="131224140600000000" remote="131224671600000000" Dst="2" />
<file name="00237.jpg" server="ftp.bennettcodes.com//" local="131224140600000000" remote="131224671600000000" Dst="2" />
<file name="00238.jpg" server="ftp.bennettcodes.com//" local="131224140620000000" remote="131224671600000000" Dst="2" />
<file name="00240.jpg" server="ftp.bennettcodes.com//" local="131224140620000000" remote="131224671600000000" Dst="2" />
<file name="00239.jpg" server="ftp.bennettcodes.com//" local="131224140620000000" remote="131224671600000000" Dst="2" />
<file name="00241.jpg" server="ftp.bennettcodes.com//" local="131224140620000000" remote="131224671600000000" Dst="2" />
<file name="00242.jpg" server="ftp.bennettcodes.com//" local="131224140620000000" remote="131224671600000000" Dst="2" />
<file name="00243.jpg" server="ftp.bennettcodes.com//" local="131224140620000000" remote="131224671600000000" Dst="2" />
<file name="00244.jpg" server="ftp.bennettcodes.com//" local="131224140620000000" remote="131224671600000000" Dst="2" />
<file name="00245.jpg" server="ftp.bennettcodes.com//" local="131224140620000000" remote="131224671600000000" Dst="2" />
<file name="00246.jpg" server="ftp.bennettcodes.com//" local="131224140620000000" remote="131224671600000000" Dst="2" />
<file name="00247.jpg" server="ftp.bennettcodes.com//" local="131224140620000000" remote="131224671600000000" Dst="2" />
<file name="00248.jpg" server="ftp.bennettcodes.com//" local="131224140640000000" remote="131224671600000000" Dst="2" />
<file name="00249.jpg" server="ftp.bennettcodes.com//" local="131224140640000000" remote="131224671600000000" Dst="2" />
<file name="00250.jpg" server="ftp.bennettcodes.com//" local="131224140640000000" remote="131224671600000000" Dst="2" />
<file name="00251.jpg" server="ftp.bennettcodes.com//" local="131224140640000000" remote="131224671600000000" Dst="2" />
<file name="00252.jpg" server="ftp.bennettcodes.com//" local="131224140640000000" remote="131224671600000000" Dst="2" />
<file name="00253.jpg" server="ftp.bennettcodes.com//" local="131224140640000000" remote="131224671600000000" Dst="2" />
<file name="00254.jpg" server="ftp.bennettcodes.com//" local="131224140640000000" remote="131224671600000000" Dst="2" />
<file name="00255.jpg" server="ftp.bennettcodes.com//" local="131224140640000000" remote="131224671600000000" Dst="2" />
<file name="00256.jpg" server="ftp.bennettcodes.com//" local="131224140640000000" remote="131224671600000000" Dst="2" />
<file name="00257.jpg" server="ftp.bennettcodes.com//" local="131224140640000000" remote="131224671600000000" Dst="2" />
<file name="00258.jpg" server="ftp.bennettcodes.com//" local="131224140640000000" remote="131224671600000000" Dst="2" />
<file name="00259.jpg" server="ftp.bennettcodes.com//" local="131224140660000000" remote="131224671600000000" Dst="2" />
<file name="00260.jpg" server="ftp.bennettcodes.com//" local="131224140660000000" remote="131224671600000000" Dst="2" />
<file name="00261.jpg" server="ftp.bennettcodes.com//" local="131224140660000000" remote="131224672200000000" Dst="2" />
<file name="00262.jpg" server="ftp.bennettcodes.com//" local="131224140660000000" remote="131224672200000000" Dst="2" />
<file name="00263.jpg" server="ftp.bennettcodes.com//" local="131224140660000000" remote="131224672200000000" Dst="2" />
<file name="00264.jpg" server="ftp.bennettcodes.com//" local="131224140660000000" remote="131224672200000000" Dst="2" />
<file name="00265.jpg" server="ftp.bennettcodes.com//" local="131224140660000000" remote="131224672200000000" Dst="2" />
<file name="00266.jpg" server="ftp.bennettcodes.com//" local="131224140660000000" remote="131224672200000000" Dst="2" />
<file name="00267.jpg" server="ftp.bennettcodes.com//" local="131224140660000000" remote="131224672200000000" Dst="2" />
<file name="00268.jpg" server="ftp.bennettcodes.com//" local="131224140660000000" remote="131224672200000000" Dst="2" />
<file name="00269.jpg" server="ftp.bennettcodes.com//" local="131224140680000000" remote="131224672200000000" Dst="2" />
<file name="00270.jpg" server="ftp.bennettcodes.com//" local="131224140680000000" remote="131224672200000000" Dst="2" />
<file name="00271.jpg" server="ftp.bennettcodes.com//" local="131224140680000000" remote="131224672200000000" Dst="2" />
<file name="00272.jpg" server="ftp.bennettcodes.com//" local="131224140680000000" remote="131224672200000000" Dst="2" />
<file name="00273.jpg" server="ftp.bennettcodes.com//" local="131224140680000000" remote="131224672200000000" Dst="2" />
<file name="00274.jpg" server="ftp.bennettcodes.com//" local="131224140680000000" remote="131224672200000000" Dst="2" />
<file name="00275.jpg" server="ftp.bennettcodes.com//" local="131224140680000000" remote="131224672200000000" Dst="2" />
<file name="00276.jpg" server="ftp.bennettcodes.com//" local="131224140680000000" remote="131224672200000000" Dst="2" />
<file name="00277.jpg" server="ftp.bennettcodes.com//" local="131224140680000000" remote="131224672200000000" Dst="2" />
<file name="00278.jpg" server="ftp.bennettcodes.com//" local="131224140680000000" remote="131224672200000000" Dst="2" />
<file name="00279.jpg" server="ftp.bennettcodes.com//" local="131224140700000000" remote="131224672200000000" Dst="2" />
<file name="00280.jpg" server="ftp.bennettcodes.com//" local="131224140700000000" remote="131224672200000000" Dst="2" />
<file name="00281.jpg" server="ftp.bennettcodes.com//" local="131224140700000000" remote="131224672200000000" Dst="2" />
<file name="00282.jpg" server="ftp.bennettcodes.com//" local="131224140700000000" remote="131224672200000000" Dst="2" />
<file name="00283.jpg" server="ftp.bennettcodes.com//" local="131224140700000000" remote="131224672200000000" Dst="2" />
<file name="00284.jpg" server="ftp.bennettcodes.com//" local="131224140700000000" remote="131224672200000000" Dst="2" />
<file name="00285.jpg" server="ftp.bennettcodes.com//" local="131224140700000000" remote="131224672200000000" Dst="2" />
<file name="00286.jpg" server="ftp.bennettcodes.com//" local="131224140700000000" remote="131224672200000000" Dst="2" />
<file name="00287.jpg" server="ftp.bennettcodes.com//" local="131224140700000000" remote="131224672200000000" Dst="2" />
<file name="00288.jpg" server="ftp.bennettcodes.com//" local="131224140700000000" remote="131224672200000000" Dst="2" />
<file name="00289.jpg" server="ftp.bennettcodes.com//" local="131224140700000000" remote="131224672200000000" Dst="2" />
<file name="00290.jpg" server="ftp.bennettcodes.com//" local="131224140700000000" remote="131224672200000000" Dst="2" />
<file name="00291.jpg" server="ftp.bennettcodes.com//" local="131224140720000000" remote="131224672200000000" Dst="2" />
<file name="00292.jpg" server="ftp.bennettcodes.com//" local="131224140720000000" remote="131224672200000000" Dst="2" />
<file name="00293.jpg" server="ftp.bennettcodes.com//" local="131224140720000000" remote="131224672200000000" Dst="2" />
<file name="00294.jpg" server="ftp.bennettcodes.com//" local="131224140720000000" remote="131224672200000000" Dst="2" />
<file name="00295.jpg" server="ftp.bennettcodes.com//" local="131224140720000000" remote="131224672200000000" Dst="2" />
<file name="00296.jpg" server="ftp.bennettcodes.com//" local="131224140720000000" remote="131224672200000000" Dst="2" />
<file name="00297.jpg" server="ftp.bennettcodes.com//" local="131224140720000000" remote="131224672200000000" Dst="2" />
<file name="00298.jpg" server="ftp.bennettcodes.com//" local="131224140720000000" remote="131224672200000000" Dst="2" />
<file name="00299.jpg" server="ftp.bennettcodes.com//" local="131224140720000000" remote="131224672200000000" Dst="2" />
<file name="00300.jpg" server="ftp.bennettcodes.com//" local="131224140740000000" remote="131224672200000000" Dst="2" />
<file name="00301.jpg" server="ftp.bennettcodes.com//" local="131224140740000000" remote="131224672200000000" Dst="2" />
<file name="00302.jpg" server="ftp.bennettcodes.com//" local="131224140740000000" remote="131224672200000000" Dst="2" />
<file name="00303.jpg" server="ftp.bennettcodes.com//" local="131224140740000000" remote="131224672200000000" Dst="2" />
<file name="00304.jpg" server="ftp.bennettcodes.com//" local="131224140740000000" remote="131224672200000000" Dst="2" />
<file name="00305.jpg" server="ftp.bennettcodes.com//" local="131224140740000000" remote="131224672200000000" Dst="2" />
<file name="00306.jpg" server="ftp.bennettcodes.com//" local="131224140740000000" remote="131224672200000000" Dst="2" />
<file name="00307.jpg" server="ftp.bennettcodes.com//" local="131224140740000000" remote="131224672200000000" Dst="2" />
<file name="00308.jpg" server="ftp.bennettcodes.com//" local="131224140740000000" remote="131224672200000000" Dst="2" />
<file name="00309.jpg" server="ftp.bennettcodes.com//" local="131224140740000000" remote="131224672200000000" Dst="2" />
<file name="00310.jpg" server="ftp.bennettcodes.com//" local="131224140740000000" remote="131224672200000000" Dst="2" />
<file name="00311.jpg" server="ftp.bennettcodes.com//" local="131224140760000000" remote="131224672200000000" Dst="2" />
<file name="00312.jpg" server="ftp.bennettcodes.com//" local="131224140760000000" remote="131224672200000000" Dst="2" />
<file name="00313.jpg" server="ftp.bennettcodes.com//" local="131224140760000000" remote="131224672200000000" Dst="2" />
<file name="00314.jpg" server="ftp.bennettcodes.com//" local="131224140760000000" remote="131224672200000000" Dst="2" />
<file name="00315.jpg" server="ftp.bennettcodes.com//" local="131224140760000000" remote="131224672200000000" Dst="2" />
<file name="00316.jpg" server="ftp.bennettcodes.com//" local="131224140760000000" remote="131224672200000000" Dst="2" />
<file name="00317.jpg" server="ftp.bennettcodes.com//" local="131224140760000000" remote="131224672200000000" Dst="2" />
<file name="00318.jpg" server="ftp.bennettcodes.com//" local="131224140760000000" remote="131224672200000000" Dst="2" />
<file name="00319.jpg" server="ftp.bennettcodes.com//" local="131224140760000000" remote="131224672200000000" Dst="2" />
<file name="00320.jpg" server="ftp.bennettcodes.com//" local="131224140760000000" remote="131224672200000000" Dst="2" />
<file name="00321.jpg" server="ftp.bennettcodes.com//" local="131224140760000000" remote="131224672200000000" Dst="2" />
<file name="00322.jpg" server="ftp.bennettcodes.com//" local="131224140780000000" remote="131224672200000000" Dst="2" />
<file name="00323.jpg" server="ftp.bennettcodes.com//" local="131224140780000000" remote="131224672200000000" Dst="2" />
<file name="00324.jpg" server="ftp.bennettcodes.com//" local="131224140780000000" remote="131224672200000000" Dst="2" />
<file name="00325.jpg" server="ftp.bennettcodes.com//" local="131224140780000000" remote="131224672200000000" Dst="2" />
<file name="00326.jpg" server="ftp.bennettcodes.com//" local="131224140780000000" remote="131224672200000000" Dst="2" />
<file name="00327.jpg" server="ftp.bennettcodes.com//" local="131224140780000000" remote="131224672200000000" Dst="2" />
<file name="00328.jpg" server="ftp.bennettcodes.com//" local="131224140780000000" remote="131224672200000000" Dst="2" />
<file name="00329.jpg" server="ftp.bennettcodes.com//" local="131224140780000000" remote="131224672200000000" Dst="2" />
<file name="00330.jpg" server="ftp.bennettcodes.com//" local="131224140780000000" remote="131224672200000000" Dst="2" />
<file name="00331.jpg" server="ftp.bennettcodes.com//" local="131224140780000000" remote="131224672200000000" Dst="2" />
<file name="00332.jpg" server="ftp.bennettcodes.com//" local="131224140780000000" remote="131224672200000000" Dst="2" />
<file name="00333.jpg" server="ftp.bennettcodes.com//" local="131224140800000000" remote="131224672200000000" Dst="2" />
<file name="00334.jpg" server="ftp.bennettcodes.com//" local="131224140800000000" remote="131224672200000000" Dst="2" />
<file name="00335.jpg" server="ftp.bennettcodes.com//" local="131224140800000000" remote="131224672200000000" Dst="2" />
<file name="00336.jpg" server="ftp.bennettcodes.com//" local="131224140800000000" remote="131224672200000000" Dst="2" />
<file name="00337.jpg" server="ftp.bennettcodes.com//" local="131224140800000000" remote="131224672200000000" Dst="2" />
<file name="00338.jpg" server="ftp.bennettcodes.com//" local="131224140800000000" remote="131224672200000000" Dst="2" />
<file name="00339.jpg" server="ftp.bennettcodes.com//" local="131224140800000000" remote="131224672200000000" Dst="2" />
<file name="00340.jpg" server="ftp.bennettcodes.com//" local="131224140800000000" remote="131224672200000000" Dst="2" />
<file name="00341.jpg" server="ftp.bennettcodes.com//" local="131224140800000000" remote="131224672200000000" Dst="2" />
<file name="00342.jpg" server="ftp.bennettcodes.com//" local="131224140800000000" remote="131224672200000000" Dst="2" />
<file name="00343.jpg" server="ftp.bennettcodes.com//" local="131224140820000000" remote="131224672200000000" Dst="2" />
<file name="00345.jpg" server="ftp.bennettcodes.com//" local="131224140820000000" remote="131224672200000000" Dst="2" />
<file name="00346.jpg" server="ftp.bennettcodes.com//" local="131224140820000000" remote="131224672200000000" Dst="2" />
<file name="00344.jpg" server="ftp.bennettcodes.com//" local="131224140820000000" remote="131224672200000000" Dst="2" />
<file name="00347.jpg" server="ftp.bennettcodes.com//" local="131224140820000000" remote="131224672200000000" Dst="2" />
<file name="00348.jpg" server="ftp.bennettcodes.com//" local="131224140820000000" remote="131224672200000000" Dst="2" />
<file name="00349.jpg" server="ftp.bennettcodes.com//" local="131224140820000000" remote="131224672200000000" Dst="2" />
<file name="00351.jpg" server="ftp.bennettcodes.com//" local="131224140820000000" remote="131224672200000000" Dst="2" />
<file name="00352.jpg" server="ftp.bennettcodes.com//" local="131224140820000000" remote="131224672200000000" Dst="2" />
<file name="00350.jpg" server="ftp.bennettcodes.com//" local="131224140820000000" remote="131224672200000000" Dst="2" />
<file name="00353.jpg" server="ftp.bennettcodes.com//" local="131224140840000000" remote="131224672200000000" Dst="2" />
<file name="00354.jpg" server="ftp.bennettcodes.com//" local="131224140840000000" remote="131224672200000000" Dst="2" />
<file name="00355.jpg" server="ftp.bennettcodes.com//" local="131224140840000000" remote="131224672200000000" Dst="2" />
<file name="00357.jpg" server="ftp.bennettcodes.com//" local="131224140840000000" remote="131224672200000000" Dst="2" />
<file name="00356.jpg" server="ftp.bennettcodes.com//" local="131224140840000000" remote="131224672200000000" Dst="2" />
<file name="00358.jpg" server="ftp.bennettcodes.com//" local="131224140840000000" remote="131224672200000000" Dst="2" />
<file name="00359.jpg" server="ftp.bennettcodes.com//" local="131224140840000000" remote="131224672200000000" Dst="2" />
<file name="00360.jpg" server="ftp.bennettcodes.com//" local="131224140840000000" remote="131224672200000000" Dst="2" />
<file name="00361.jpg" server="ftp.bennettcodes.com//" local="131224140840000000" remote="131224672200000000" Dst="2" />
<file name="00362.jpg" server="ftp.bennettcodes.com//" local="131224140840000000" remote="131224672200000000" Dst="2" />
<file name="00363.jpg" server="ftp.bennettcodes.com//" local="131224140840000000" remote="131224672200000000" Dst="2" />
<file name="00364.jpg" server="ftp.bennettcodes.com//" local="131224140860000000" remote="131224672200000000" Dst="2" />
<file name="00365.jpg" server="ftp.bennettcodes.com//" local="131224140860000000" remote="131224672200000000" Dst="2" />
<file name="00366.jpg" server="ftp.bennettcodes.com//" local="131224140860000000" remote="131224672200000000" Dst="2" />
<file name="00367.jpg" server="ftp.bennettcodes.com//" local="131224140860000000" remote="131224672200000000" Dst="2" />
<file name="00368.jpg" server="ftp.bennettcodes.com//" local="131224140860000000" remote="131224672200000000" Dst="2" />
<file name="00369.jpg" server="ftp.bennettcodes.com//" local="131224140860000000" remote="131224672200000000" Dst="2" />
<file name="00370.jpg" server="ftp.bennettcodes.com//" local="131224140860000000" remote="131224672200000000" Dst="2" />
<file name="00371.jpg" server="ftp.bennettcodes.com//" local="131224140860000000" remote="131224672200000000" Dst="2" />
<file name="00372.jpg" server="ftp.bennettcodes.com//" local="131224140860000000" remote="131224672200000000" Dst="2" />
<file name="00373.jpg" server="ftp.bennettcodes.com//" local="131224140880000000" remote="131224672200000000" Dst="2" />
<file name="00374.jpg" server="ftp.bennettcodes.com//" local="131224140880000000" remote="131224672200000000" Dst="2" />
<file name="00375.jpg" server="ftp.bennettcodes.com//" local="131224140880000000" remote="131224672200000000" Dst="2" />
<file name="00376.jpg" server="ftp.bennettcodes.com//" local="131224140880000000" remote="131224672200000000" Dst="2" />
<file name="00377.jpg" server="ftp.bennettcodes.com//" local="131224140880000000" remote="131224672200000000" Dst="2" />
<file name="00378.jpg" server="ftp.bennettcodes.com//" local="131224140880000000" remote="131224672200000000" Dst="2" />
<file name="00379.jpg" server="ftp.bennettcodes.com//" local="131224140880000000" remote="131224672200000000" Dst="2" />
<file name="00380.jpg" server="ftp.bennettcodes.com//" local="131224140880000000" remote="131224672200000000" Dst="2" />
<file name="00381.jpg" server="ftp.bennettcodes.com//" local="131224140880000000" remote="131224672200000000" Dst="2" />
<file name="00382.jpg" server="ftp.bennettcodes.com//" local="131224140880000000" remote="131224672200000000" Dst="2" />
<file name="00383.jpg" server="ftp.bennettcodes.com//" local="131224140900000000" remote="131224672200000000" Dst="2" />
<file name="00384.jpg" server="ftp.bennettcodes.com//" local="131224140900000000" remote="131224672200000000" Dst="2" />
<file name="00385.jpg" server="ftp.bennettcodes.com//" local="131224140900000000" remote="131224672200000000" Dst="2" />
<file name="00386.jpg" server="ftp.bennettcodes.com//" local="131224140900000000" remote="131224672200000000" Dst="2" />
<file name="00387.jpg" server="ftp.bennettcodes.com//" local="131224140900000000" remote="131224672200000000" Dst="2" />
<file name="00388.jpg" server="ftp.bennettcodes.com//" local="131224140900000000" remote="131224672200000000" Dst="2" />
<file name="00389.jpg" server="ftp.bennettcodes.com//" local="131224140900000000" remote="131224672200000000" Dst="2" />
<file name="00390.jpg" server="ftp.bennettcodes.com//" local="131224140900000000" remote="131224672200000000" Dst="2" />
<file name="00391.jpg" server="ftp.bennettcodes.com//" local="131224140900000000" remote="131224672200000000" Dst="2" />
<file name="00393.jpg" server="ftp.bennettcodes.com//" local="131224140900000000" remote="131224672200000000" Dst="2" />
<file name="00392.jpg" server="ftp.bennettcodes.com//" local="131224140900000000" remote="131224672200000000" Dst="2" />
<file name="00394.jpg" server="ftp.bennettcodes.com//" local="131224140920000000" remote="131224672200000000" Dst="2" />
<file name="00395.jpg" server="ftp.bennettcodes.com//" local="131224140920000000" remote="131224672200000000" Dst="2" />
<file name="00396.jpg" server="ftp.bennettcodes.com//" local="131224140920000000" remote="131224672200000000" Dst="2" />
<file name="00397.jpg" server="ftp.bennettcodes.com//" local="131224140920000000" remote="131224672200000000" Dst="2" />
<file name="00398.jpg" server="ftp.bennettcodes.com//" local="131224140920000000" remote="131224672200000000" Dst="2" />
<file name="00399.jpg" server="ftp.bennettcodes.com//" local="131224140920000000" remote="131224672200000000" Dst="2" />
<file name="00400.jpg" server="ftp.bennettcodes.com//" local="131224140920000000" remote="131224672200000000" Dst="2" />
<file name="00401.jpg" server="ftp.bennettcodes.com//" local="131224140920000000" remote="131224672200000000" Dst="2" />
<file name="00402.jpg" server="ftp.bennettcodes.com//" local="131224140920000000" remote="131224672200000000" Dst="2" />
<file name="00403.jpg" server="ftp.bennettcodes.com//" local="131224140920000000" remote="131224672200000000" Dst="2" />
<file name="00404.jpg" server="ftp.bennettcodes.com//" local="131224140920000000" remote="131224672200000000" Dst="2" />
<file name="00405.jpg" server="ftp.bennettcodes.com//" local="131224140940000000" remote="131224672200000000" Dst="2" />
<file name="00406.jpg" server="ftp.bennettcodes.com//" local="131224140940000000" remote="131224672200000000" Dst="2" />
<file name="00407.jpg" server="ftp.bennettcodes.com//" local="131224140940000000" remote="131224672200000000" Dst="2" />
<file name="00408.jpg" server="ftp.bennettcodes.com//" local="131224140940000000" remote="131224672200000000" Dst="2" />
<file name="00409.jpg" server="ftp.bennettcodes.com//" local="131224140940000000" remote="131224672200000000" Dst="2" />
<file name="00410.jpg" server="ftp.bennettcodes.com//" local="131224140940000000" remote="131224672200000000" Dst="2" />
<file name="00411.jpg" server="ftp.bennettcodes.com//" local="131224140940000000" remote="131224672200000000" Dst="2" />
<file name="00412.jpg" server="ftp.bennettcodes.com//" local="131224140940000000" remote="131224672200000000" Dst="2" />
<file name="00413.jpg" server="ftp.bennettcodes.com//" local="131224140940000000" remote="131224672200000000" Dst="2" />
<file name="00414.jpg" server="ftp.bennettcodes.com//" local="131224140940000000" remote="131224672200000000" Dst="2" />
<file name="00415.jpg" server="ftp.bennettcodes.com//" local="131224140960000000" remote="131224672200000000" Dst="2" />
<file name="00416.jpg" server="ftp.bennettcodes.com//" local="131224140960000000" remote="131224672200000000" Dst="2" />
<file name="00417.jpg" server="ftp.bennettcodes.com//" local="131224140960000000" remote="131224672200000000" Dst="2" />
<file name="00419.jpg" server="ftp.bennettcodes.com//" local="131224140960000000" remote="131224672200000000" Dst="2" />
<file name="00418.jpg" server="ftp.bennettcodes.com//" local="131224140960000000" remote="131224672200000000" Dst="2" />
<file name="00420.jpg" server="ftp.bennettcodes.com//" local="131224140960000000" remote="131224672200000000" Dst="2" />
<file name="00421.jpg" server="ftp.bennettcodes.com//" local="131224140960000000" remote="131224672200000000" Dst="2" />
<file name="00422.jpg" server="ftp.bennettcodes.com//" local="131224140960000000" remote="131224672200000000" Dst="2" />
<file name="00423.jpg" server="ftp.bennettcodes.com//" local="131224140960000000" remote="131224672200000000" Dst="2" />
<file name="00424.jpg" server="ftp.bennettcodes.com//" local="131224140960000000" remote="131224672200000000" Dst="2" />
<file name="00425.jpg" server="ftp.bennettcodes.com//" local="131224140980000000" remote="131224672200000000" Dst="2" />
<file name="00426.jpg" server="ftp.bennettcodes.com//" local="131224140980000000" remote="131224672200000000" Dst="2" />
<file name="00427.jpg" server="ftp.bennettcodes.com//" local="131224140980000000" remote="131224672200000000" Dst="2" />
<file name="00428.jpg" server="ftp.bennettcodes.com//" local="131224140980000000" remote="131224672200000000" Dst="2" />
<file name="00429.jpg" server="ftp.bennettcodes.com//" local="131224140980000000" remote="131224672200000000" Dst="2" />
<file name="00430.jpg" server="ftp.bennettcodes.com//" local="131224140980000000" remote="131224672200000000" Dst="2" />
<file name="00431.jpg" server="ftp.bennettcodes.com//" local="131224140980000000" remote="131224672200000000" Dst="2" />
<file name="00432.jpg" server="ftp.bennettcodes.com//" local="131224140980000000" remote="131224672200000000" Dst="2" />
<file name="00433.jpg" server="ftp.bennettcodes.com//" local="131224140980000000" remote="131224672200000000" Dst="2" />
<file name="00434.jpg" server="ftp.bennettcodes.com//" local="131224140980000000" remote="131224672200000000" Dst="2" />
<file name="00435.jpg" server="ftp.bennettcodes.com//" local="131224141000000000" remote="131224672200000000" Dst="2" />
<file name="00436.jpg" server="ftp.bennettcodes.com//" local="131224141000000000" remote="131224672200000000" Dst="2" />
<file name="00437.jpg" server="ftp.bennettcodes.com//" local="131224141000000000" remote="131224672200000000" Dst="2" />
<file name="00438.jpg" server="ftp.bennettcodes.com//" local="131224141000000000" remote="131224672200000000" Dst="2" />
<file name="00439.jpg" server="ftp.bennettcodes.com//" local="131224141000000000" remote="131224672200000000" Dst="2" />
<file name="00440.jpg" server="ftp.bennettcodes.com//" local="131224141000000000" remote="131224672200000000" Dst="2" />
<file name="00441.jpg" server="ftp.bennettcodes.com//" local="131224141000000000" remote="131224672200000000" Dst="2" />
<file name="00442.jpg" server="ftp.bennettcodes.com//" local="131224141000000000" remote="131224672200000000" Dst="2" />
<file name="00443.jpg" server="ftp.bennettcodes.com//" local="131224141000000000" remote="131224672200000000" Dst="2" />
<file name="00444.jpg" server="ftp.bennettcodes.com//" local="131224141000000000" remote="131224672200000000" Dst="2" />
<file name="00445.jpg" server="ftp.bennettcodes.com//" local="131224141020000000" remote="131224672200000000" Dst="2" />
<file name="00446.jpg" server="ftp.bennettcodes.com//" local="131224141020000000" remote="131224672200000000" Dst="2" />
<file name="00447.jpg" server="ftp.bennettcodes.com//" local="131224141020000000" remote="131224672200000000" Dst="2" />
<file name="00448.jpg" server="ftp.bennettcodes.com//" local="131224141020000000" remote="131224672200000000" Dst="2" />
<file name="00449.jpg" server="ftp.bennettcodes.com//" local="131224141020000000" remote="131224672200000000" Dst="2" />
<file name="00450.jpg" server="ftp.bennettcodes.com//" local="131224141020000000" remote="131224672200000000" Dst="2" />
<file name="00451.jpg" server="ftp.bennettcodes.com//" local="131224141020000000" remote="131224672200000000" Dst="2" />
<file name="00452.jpg" server="ftp.bennettcodes.com//" local="131224141020000000" remote="131224672200000000" Dst="2" />
<file name="00453.jpg" server="ftp.bennettcodes.com//" local="131224141020000000" remote="131224672200000000" Dst="2" />
<file name="00454.jpg" server="ftp.bennettcodes.com//" local="131224141020000000" remote="131224672200000000" Dst="2" />
<file name="00455.jpg" server="ftp.bennettcodes.com//" local="131224141040000000" remote="131224672200000000" Dst="2" />
<file name="00456.jpg" server="ftp.bennettcodes.com//" local="131224141040000000" remote="131224672200000000" Dst="2" />
<file name="00457.jpg" server="ftp.bennettcodes.com//" local="131224141040000000" remote="131224672200000000" Dst="2" />
<file name="00458.jpg" server="ftp.bennettcodes.com//" local="131224141040000000" remote="131224672200000000" Dst="2" />
<file name="00459.jpg" server="ftp.bennettcodes.com//" local="131224141040000000" remote="131224672200000000" Dst="2" />
<file name="00460.jpg" server="ftp.bennettcodes.com//" local="131224141040000000" remote="131224672200000000" Dst="2" />
<file name="00461.jpg" server="ftp.bennettcodes.com//" local="131224141040000000" remote="131224672200000000" Dst="2" />
<file name="00462.jpg" server="ftp.bennettcodes.com//" local="131224141040000000" remote="131224672200000000" Dst="2" />
<file name="00463.jpg" server="ftp.bennettcodes.com//" local="131224141040000000" remote="131224672200000000" Dst="2" />
<file name="00464.jpg" server="ftp.bennettcodes.com//" local="131224141040000000" remote="131224672200000000" Dst="2" />
<file name="00465.jpg" server="ftp.bennettcodes.com//" local="131224141060000000" remote="131224672200000000" Dst="2" />
<file name="00466.jpg" server="ftp.bennettcodes.com//" local="131224141060000000" remote="131224672200000000" Dst="2" />
<file name="00467.jpg" server="ftp.bennettcodes.com//" local="131224141060000000" remote="131224672200000000" Dst="2" />
<file name="00468.jpg" server="ftp.bennettcodes.com//" local="131224141060000000" remote="131224672200000000" Dst="2" />
<file name="00469.jpg" server="ftp.bennettcodes.com//" local="131224141060000000" remote="131224672200000000" Dst="2" />
<file name="00470.jpg" server="ftp.bennettcodes.com//" local="131224141060000000" remote="131224672200000000" Dst="2" />
<file name="00471.jpg" server="ftp.bennettcodes.com//" local="131224141060000000" remote="131224672200000000" Dst="2" />
<file name="00472.jpg" server="ftp.bennettcodes.com//" local="131224141060000000" remote="131224672200000000" Dst="2" />
<file name="00473.jpg" server="ftp.bennettcodes.com//" local="131224141060000000" remote="131224672200000000" Dst="2" />
<file name="00474.jpg" server="ftp.bennettcodes.com//" local="131224141060000000" remote="131224672200000000" Dst="2" />
<file name="00475.jpg" server="ftp.bennettcodes.com//" local="131224141060000000" remote="131224672200000000" Dst="2" />
<file name="00476.jpg" server="ftp.bennettcodes.com//" local="131224141080000000" remote="131224672200000000" Dst="2" />
<file name="00477.jpg" server="ftp.bennettcodes.com//" local="131224141080000000" remote="131224672200000000" Dst="2" />
<file name="00478.jpg" server="ftp.bennettcodes.com//" local="131224141080000000" remote="131224672200000000" Dst="2" />
<file name="00479.jpg" server="ftp.bennettcodes.com//" local="131224141080000000" remote="131224672200000000" Dst="2" />
<file name="00480.jpg" server="ftp.bennettcodes.com//" local="131224141080000000" remote="131224672200000000" Dst="2" />
<file name="00481.jpg" server="ftp.bennettcodes.com//" local="131224141080000000" remote="131224672200000000" Dst="2" />
<file name="00482.jpg" server="ftp.bennettcodes.com//" local="131224141080000000" remote="131224672200000000" Dst="2" />
<file name="00484.jpg" server="ftp.bennettcodes.com//" local="131224141080000000" remote="131224672200000000" Dst="2" />
<file name="00483.jpg" server="ftp.bennettcodes.com//" local="131224141080000000" remote="131224672200000000" Dst="2" />
<file name="00485.jpg" server="ftp.bennettcodes.com//" local="131224141080000000" remote="131224672200000000" Dst="2" />
<file name="00486.jpg" server="ftp.bennettcodes.com//" local="131224141100000000" remote="131224672200000000" Dst="2" />
<file name="00487.jpg" server="ftp.bennettcodes.com//" local="131224141100000000" remote="131224672200000000" Dst="2" />
<file name="00488.jpg" server="ftp.bennettcodes.com//" local="131224141100000000" remote="131224672200000000" Dst="2" />
<file name="00489.jpg" server="ftp.bennettcodes.com//" local="131224141100000000" remote="131224672200000000" Dst="2" />
<file name="00490.jpg" server="ftp.bennettcodes.com//" local="131224141100000000" remote="131224672200000000" Dst="2" />
<file name="00491.jpg" server="ftp.bennettcodes.com//" local="131224141100000000" remote="131224672200000000" Dst="2" />
<file name="00492.jpg" server="ftp.bennettcodes.com//" local="131224141100000000" remote="131224672200000000" Dst="2" />
<file name="00493.jpg" server="ftp.bennettcodes.com//" local="131224141100000000" remote="131224672200000000" Dst="2" />
<file name="00494.jpg" server="ftp.bennettcodes.com//" local="131224141100000000" remote="131224672200000000" Dst="2" />
<file name="00495.jpg" server="ftp.bennettcodes.com//" local="131224141100000000" remote="131224672200000000" Dst="2" />
<file name="00496.jpg" server="ftp.bennettcodes.com//" local="131224141120000000" remote="131224672200000000" Dst="2" />
<file name="00497.jpg" server="ftp.bennettcodes.com//" local="131224141120000000" remote="131224672200000000" Dst="2" />
<file name="00498.jpg" server="ftp.bennettcodes.com//" local="131224141120000000" remote="131224672200000000" Dst="2" />
<file name="00499.jpg" server="ftp.bennettcodes.com//" local="131224141120000000" remote="131224672200000000" Dst="2" />
<file name="00500.jpg" server="ftp.bennettcodes.com//" local="131224141120000000" remote="131224672200000000" Dst="2" />
<file name="00501.jpg" server="ftp.bennettcodes.com//" local="131224141120000000" remote="131224672200000000" Dst="2" />
<file name="00502.jpg" server="ftp.bennettcodes.com//" local="131224141120000000" remote="131224672200000000" Dst="2" />
<file name="00503.jpg" server="ftp.bennettcodes.com//" local="131224141120000000" remote="131224672200000000" Dst="2" />
<file name="00504.jpg" server="ftp.bennettcodes.com//" local="131224141120000000" remote="131224672200000000" Dst="2" />
<file name="00505.jpg" server="ftp.bennettcodes.com//" local="131224141120000000" remote="131224672200000000" Dst="2" />
<file name="00506.jpg" server="ftp.bennettcodes.com//" local="131224141140000000" remote="131224672200000000" Dst="2" />
<file name="00507.jpg" server="ftp.bennettcodes.com//" local="131224141140000000" remote="131224672200000000" Dst="2" />
<file name="00508.jpg" server="ftp.bennettcodes.com//" local="131224141140000000" remote="131224672200000000" Dst="2" />
<file name="00509.jpg" server="ftp.bennettcodes.com//" local="131224141140000000" remote="131224672200000000" Dst="2" />
<file name="00510.jpg" server="ftp.bennettcodes.com//" local="131224141140000000" remote="131224672200000000" Dst="2" />
<file name="00511.jpg" server="ftp.bennettcodes.com//" local="131224141140000000" remote="131224672200000000" Dst="2" />
<file name="00512.jpg" server="ftp.bennettcodes.com//" local="131224141140000000" remote="131224672200000000" Dst="2" />
<file name="00513.jpg" server="ftp.bennettcodes.com//" local="131224141140000000" remote="131224672200000000" Dst="2" />
<file name="00514.jpg" server="ftp.bennettcodes.com//" local="131224141140000000" remote="131224672200000000" Dst="2" />
<file name="00515.jpg" server="ftp.bennettcodes.com//" local="131224141140000000" remote="131224672200000000" Dst="2" />
<file name="00516.jpg" server="ftp.bennettcodes.com//" local="131224141140000000" remote="131224672200000000" Dst="2" />
<file name="00001.jpg" server="ftp.bennettcodes.com//" local="131227112047043944" remote="131225548800000000" Dst="2" />
<file name="00002.jpg" server="ftp.bennettcodes.com//" local="131227112047249443" remote="131225548800000000" Dst="2" />
<file name="00003.jpg" server="ftp.bennettcodes.com//" local="131227112049092253" remote="131225548800000000" Dst="2" />
<file name="00005.jpg" server="ftp.bennettcodes.com//" local="131227112050659652" remote="131225548800000000" Dst="2" />
<file name="00004.jpg" server="ftp.bennettcodes.com//" local="131227112050684731" remote="131225548800000000" Dst="2" />
<file name="00006.jpg" server="ftp.bennettcodes.com//" local="131227112052688002" remote="131225548800000000" Dst="2" />
<file name="00007.jpg" server="ftp.bennettcodes.com//" local="131227112053972821" remote="131225548800000000" Dst="2" />
<file name="00008.jpg" server="ftp.bennettcodes.com//" local="131227112054079290" remote="131225548800000000" Dst="2" />
<file name="00009.jpg" server="ftp.bennettcodes.com//" local="131227112056301295" remote="131225548800000000" Dst="2" />
<file name="00010.jpg" server="ftp.bennettcodes.com//" local="131227112057303351" remote="131225548800000000" Dst="2" />
<file name="00011.jpg" server="ftp.bennettcodes.com//" local="131227112057428546" remote="131225548800000000" Dst="2" />
<file name="00012.jpg" server="ftp.bennettcodes.com//" local="131227112059772146" remote="131225548800000000" Dst="2" />
<file name="00013.jpg" server="ftp.bennettcodes.com//" local="131227112060773689" remote="131225548800000000" Dst="2" />
<file name="00014.jpg" server="ftp.bennettcodes.com//" local="131227112060793720" remote="131225548800000000" Dst="2" />
<file name="00015.jpg" server="ftp.bennettcodes.com//" local="131227112063253888" remote="131225548800000000" Dst="2" />
<file name="00016.jpg" server="ftp.bennettcodes.com//" local="131227112064015895" remote="131225548800000000" Dst="2" />
<file name="00017.jpg" server="ftp.bennettcodes.com//" local="131227112064070817" remote="131225548800000000" Dst="2" />
<file name="00018.jpg" server="ftp.bennettcodes.com//" local="131227112066785378" remote="131225548800000000" Dst="2" />
<file name="00019.jpg" server="ftp.bennettcodes.com//" local="131227112067351455" remote="131225548800000000" Dst="2" />
<file name="00020.jpg" server="ftp.bennettcodes.com//" local="131227112067396476" remote="131225548800000000" Dst="2" />
<file name="00021.jpg" server="ftp.bennettcodes.com//" local="131227112070171269" remote="131225548800000000" Dst="2" />
<file name="00023.jpg" server="ftp.bennettcodes.com//" local="131227112070867136" remote="131225548800000000" Dst="2" />
<file name="00022.jpg" server="ftp.bennettcodes.com//" local="131227112070907351" remote="131225548800000000" Dst="2" />
<file name="00024.jpg" server="ftp.bennettcodes.com//" local="131227112073873309" remote="131225548800000000" Dst="2" />
<file name="00025.jpg" server="ftp.bennettcodes.com//" local="131227112074311508" remote="131225548800000000" Dst="2" />
<file name="00026.jpg" server="ftp.bennettcodes.com//" local="131227112074516826" remote="131225548800000000" Dst="2" />
<file name="00027.jpg" server="ftp.bennettcodes.com//" local="131227112077398935" remote="131225548800000000" Dst="2" />
<file name="00028.jpg" server="ftp.bennettcodes.com//" local="131227112077794527" remote="131225548800000000" Dst="2" />
<file name="00029.jpg" server="ftp.bennettcodes.com//" local="131227112078090003" remote="131225548800000000" Dst="2" />
<file name="00030.jpg" server="ftp.bennettcodes.com//" local="131227112081004516" remote="131225548800000000" Dst="2" />
<file name="00031.jpg" server="ftp.bennettcodes.com//" local="131227112081379883" remote="131225548800000000" Dst="2" />
<file name="00032.jpg" server="ftp.bennettcodes.com//" local="131227112081495061" remote="131225548800000000" Dst="2" />
<file name="00033.jpg" server="ftp.bennettcodes.com//" local="131227112084727735" remote="131225548800000000" Dst="2" />
<file name="00034.jpg" server="ftp.bennettcodes.com//" local="131227112084767711" remote="131225548800000000" Dst="2" />
<file name="00035.jpg" server="ftp.bennettcodes.com//" local="131227112085427423" remote="131225548800000000" Dst="2" />
<file name="00036.jpg" server="ftp.bennettcodes.com//" local="131227112087969589" remote="131225548800000000" Dst="2" />
<file name="00037.jpg" server="ftp.bennettcodes.com//" local="131227112088140017" remote="131225548800000000" Dst="2" />
<file name="00038.jpg" server="ftp.bennettcodes.com//" local="131227112089236724" remote="131225548800000000" Dst="2" />
<file name="00039.jpg" server="ftp.bennettcodes.com//" local="131227112091314736" remote="131225548800000000" Dst="2" />
<file name="00040.jpg" server="ftp.bennettcodes.com//" local="131227112091525061" remote="131225548800000000" Dst="2" />
<file name="00041.jpg" server="ftp.bennettcodes.com//" local="131227112092651796" remote="131225548800000000" Dst="2" />
<file name="00042.jpg" server="ftp.bennettcodes.com//" local="131227112094798237" remote="131225548800000000" Dst="2" />
<file name="00043.jpg" server="ftp.bennettcodes.com//" local="131227112094818268" remote="131225548800000000" Dst="2" />
<file name="00044.jpg" server="ftp.bennettcodes.com//" local="131227112096572266" remote="131225548800000000" Dst="2" />
<file name="00046.jpg" server="ftp.bennettcodes.com//" local="131227112098259856" remote="131225548800000000" Dst="2" />
<file name="00045.jpg" server="ftp.bennettcodes.com//" local="131227112098289904" remote="131225548800000000" Dst="2" />
<file name="00047.jpg" server="ftp.bennettcodes.com//" local="131227112100163278" remote="131225548800000000" Dst="2" />
<file name="00048.jpg" server="ftp.bennettcodes.com//" local="131227112101615505" remote="131225548800000000" Dst="2" />
<file name="00049.jpg" server="ftp.bennettcodes.com//" local="131227112101700635" remote="131225548800000000" Dst="2" />
<file name="00050.jpg" server="ftp.bennettcodes.com//" local="131227112103977227" remote="131225548800000000" Dst="2" />
<file name="00052.jpg" server="ftp.bennettcodes.com//" local="131227112105097613" remote="131225548800000000" Dst="2" />
<file name="00051.jpg" server="ftp.bennettcodes.com//" local="131227112105192764" remote="131225548800000000" Dst="2" />
<file name="00053.jpg" server="ftp.bennettcodes.com//" local="131227112107374003" remote="131225548800000000" Dst="2" />
<file name="00054.jpg" server="ftp.bennettcodes.com//" local="131227112108550810" remote="131225548800000000" Dst="2" />
<file name="00055.jpg" server="ftp.bennettcodes.com//" local="131227112109216833" remote="131225548800000000" Dst="2" />
<file name="00056.jpg" server="ftp.bennettcodes.com//" local="131227112110794263" remote="131225548800000000" Dst="2" />
<file name="00057.jpg" server="ftp.bennettcodes.com//" local="131227112112141327" remote="131225548800000000" Dst="2" />
<file name="00058.jpg" server="ftp.bennettcodes.com//" local="131227112112497745" remote="131225548800000000" Dst="2" />
<file name="00059.jpg" server="ftp.bennettcodes.com//" local="131227112114507533" remote="131225548800000000" Dst="2" />
<file name="00060.jpg" server="ftp.bennettcodes.com//" local="131227112115794115" remote="131225548800000000" Dst="2" />
<file name="00061.jpg" server="ftp.bennettcodes.com//" local="131227112115929788" remote="131225548800000000" Dst="2" />
<file name="00062.jpg" server="ftp.bennettcodes.com//" local="131227112118205806" remote="131225548800000000" Dst="2" />
<file name="00063.jpg" server="ftp.bennettcodes.com//" local="131227112119152284" remote="131225548800000000" Dst="2" />
<file name="00064.jpg" server="ftp.bennettcodes.com//" local="131227112119457722" remote="131225548800000000" Dst="2" />
<file name="00065.jpg" server="ftp.bennettcodes.com//" local="131227112121636072" remote="131225548800000000" Dst="2" />
<file name="00066.jpg" server="ftp.bennettcodes.com//" local="131227112122632742" remote="131225548800000000" Dst="2" />
<file name="00067.jpg" server="ftp.bennettcodes.com//" local="131227112122953156" remote="131225548800000000" Dst="2" />
<file name="00068.jpg" server="ftp.bennettcodes.com//" local="131227112125210021" remote="131225548800000000" Dst="2" />
<file name="00069.jpg" server="ftp.bennettcodes.com//" local="131227112126440800" remote="131225548800000000" Dst="2" />
<file name="00070.jpg" server="ftp.bennettcodes.com//" local="131227112126455831" remote="131225548800000000" Dst="2" />
<file name="00071.jpg" server="ftp.bennettcodes.com//" local="131227112125210021" remote="131225548800000000" Dst="2" />
</dwsync>