<?xml version="1.0" encoding="utf-8" ?>
<dwsync>
<file name=".DS_Store" server="ftp.bennettcodes.com//" local="131227112553058075" remote="131224368600000000" Dst="2" />
<file name="1.jpg" server="ftp.bennettcodes.com//" local="131227112554287539" remote="131224618800000000" Dst="2" />
<file name="10.jpg" server="ftp.bennettcodes.com//" local="131227112555422617" remote="131224618800000000" Dst="2" />
<file name="100.jpg" server="ftp.bennettcodes.com//" local="131227112556584277" remote="131224620000000000" Dst="2" />
<file name="101.jpg" server="ftp.bennettcodes.com//" local="131227112557605848" remote="131224620000000000" Dst="2" />
<file name="102.jpg" server="ftp.bennettcodes.com//" local="131227112558728642" remote="131224620000000000" Dst="2" />
<file name="103.jpg" server="ftp.bennettcodes.com//" local="131227112560205921" remote="131224620000000000" Dst="2" />
<file name="104.jpg" server="ftp.bennettcodes.com//" local="131227112561022324" remote="131224620000000000" Dst="2" />
<file name="105.jpg" server="ftp.bennettcodes.com//" local="131227112562164114" remote="131224620000000000" Dst="2" />
<file name="106.jpg" server="ftp.bennettcodes.com//" local="131227112563915393" remote="131224620000000000" Dst="2" />
<file name="107.jpg" server="ftp.bennettcodes.com//" local="131227112564544930" remote="131224620000000000" Dst="2" />
<file name="108.jpg" server="ftp.bennettcodes.com//" local="131227112565862441" remote="131224620000000000" Dst="2" />
<file name="109.jpg" server="ftp.bennettcodes.com//" local="131227112567407726" remote="131224620000000000" Dst="2" />
<file name="11.jpg" server="ftp.bennettcodes.com//" local="131227112567588198" remote="131224618800000000" Dst="2" />
<file name="110.jpg" server="ftp.bennettcodes.com//" local="131227112569050245" remote="131224620000000000" Dst="2" />
<file name="111.jpg" server="ftp.bennettcodes.com//" local="131227112570492971" remote="131224620000000000" Dst="2" />
<file name="112.jpg" server="ftp.bennettcodes.com//" local="131227112570758556" remote="131224620000000000" Dst="2" />
<file name="113.jpg" server="ftp.bennettcodes.com//" local="131227112572606543" remote="131224620000000000" Dst="2" />
<file name="114.jpg" server="ftp.bennettcodes.com//" local="131227112573232689" remote="131224620000000000" Dst="2" />
<file name="115.jpg" server="ftp.bennettcodes.com//" local="131227112573883784" remote="131224620000000000" Dst="2" />
<file name="116.jpg" server="ftp.bennettcodes.com//" local="131227112575587929" remote="131224620000000000" Dst="2" />
<file name="117.jpg" server="ftp.bennettcodes.com//" local="131227112576042531" remote="131224620000000000" Dst="2" />
<file name="118.jpg" server="ftp.bennettcodes.com//" local="131227112577668710" remote="131224620000000000" Dst="2" />
<file name="119.jpg" server="ftp.bennettcodes.com//" local="131227112578675083" remote="131224620000000000" Dst="2" />
<file name="12.jpg" server="ftp.bennettcodes.com//" local="131227112578875391" remote="131224618800000000" Dst="2" />
<file name="120.jpg" server="ftp.bennettcodes.com//" local="131227112580497886" remote="131224620000000000" Dst="2" />
<file name="121.jpg" server="ftp.bennettcodes.com//" local="131227112581654662" remote="131224620000000000" Dst="2" />
<file name="122.jpg" server="ftp.bennettcodes.com//" local="131227112581754816" remote="131224620000000000" Dst="2" />
<file name="123.jpg" server="ftp.bennettcodes.com//" local="131227112583311467" remote="131224620000000000" Dst="2" />
<file name="124.jpg" server="ftp.bennettcodes.com//" local="131227112584560105" remote="131224620000000000" Dst="2" />
<file name="125.jpg" server="ftp.bennettcodes.com//" local="131227112585044307" remote="131224620000000000" Dst="2" />
<file name="126.jpg" server="ftp.bennettcodes.com//" local="131227112586222190" remote="131224620000000000" Dst="2" />
<file name="127.jpg" server="ftp.bennettcodes.com//" local="131227112587529345" remote="131224620000000000" Dst="2" />
<file name="128.jpg" server="ftp.bennettcodes.com//" local="131227112587965013" remote="131224620000000000" Dst="2" />
<file name="129.jpg" server="ftp.bennettcodes.com//" local="131227112589151840" remote="131224620000000000" Dst="2" />
<file name="13.jpg" server="ftp.bennettcodes.com//" local="131227112590393750" remote="131224618800000000" Dst="2" />
<file name="14.jpg" server="ftp.bennettcodes.com//" local="131227112590749297" remote="131224618800000000" Dst="2" />
<file name="15.jpg" server="ftp.bennettcodes.com//" local="131227112592151453" remote="131224618800000000" Dst="2" />
<file name="16.jpg" server="ftp.bennettcodes.com//" local="131227112593199650" remote="131224618800000000" Dst="2" />
<file name="17.jpg" server="ftp.bennettcodes.com//" local="131227112593793200" remote="131224618800000000" Dst="2" />
<file name="18.jpg" server="ftp.bennettcodes.com//" local="131227112595050577" remote="131224618800000000" Dst="2" />
<file name="19.jpg" server="ftp.bennettcodes.com//" local="131227112596192562" remote="131224618800000000" Dst="2" />
<file name="2.jpg" server="ftp.bennettcodes.com//" local="131227112596573116" remote="131224618800000000" Dst="2" />
<file name="20.jpg" server="ftp.bennettcodes.com//" local="131227112597910190" remote="131224618800000000" Dst="2" />
<file name="21.jpg" server="ftp.bennettcodes.com//" local="131227112599021894" remote="131224618800000000" Dst="2" />
<file name="22.jpg" server="ftp.bennettcodes.com//" local="131227112599502644" remote="131224618800000000" Dst="2" />
<file name="23.jpg" server="ftp.bennettcodes.com//" local="131227112601195272" remote="131224618800000000" Dst="2" />
<file name="24.jpg" server="ftp.bennettcodes.com//" local="131227112602246877" remote="131224618800000000" Dst="2" />
<file name="25.jpg" server="ftp.bennettcodes.com//" local="131227112602331983" remote="131224618800000000" Dst="2" />
<file name="26.jpg" server="ftp.bennettcodes.com//" local="131227112604167265" remote="131224618800000000" Dst="2" />
<file name="27.jpg" server="ftp.bennettcodes.com//" local="131227112605098006" remote="131224618800000000" Dst="2" />
<file name="28.jpg" server="ftp.bennettcodes.com//" local="131227112605248549" remote="131224618800000000" Dst="2" />
<file name="29.jpg" server="ftp.bennettcodes.com//" local="131227112607414444" remote="131224618800000000" Dst="2" />
<file name="3.jpg" server="ftp.bennettcodes.com//" local="131227112607995351" remote="131224618800000000" Dst="2" />
<file name="30.jpg" server="ftp.bennettcodes.com//" local="131227112608205673" remote="131224618800000000" Dst="2" />
<file name="31.jpg" server="ftp.bennettcodes.com//" local="131227112610243609" remote="131224618800000000" Dst="2" />
<file name="32.jpg" server="ftp.bennettcodes.com//" local="131227112611630741" remote="131224618800000000" Dst="2" />
<file name="33.jpg" server="ftp.bennettcodes.com//" local="131227112612131699" remote="131224618800000000" Dst="2" />
<file name="34.jpg" server="ftp.bennettcodes.com//" local="131227112613852592" remote="131224618800000000" Dst="2" />
<file name="35.jpg" server="ftp.bennettcodes.com//" local="131227112615052627" remote="131224618800000000" Dst="2" />
<file name="36.jpg" server="ftp.bennettcodes.com//" local="131227112615487543" remote="131224618800000000" Dst="2" />
<file name="37.jpg" server="ftp.bennettcodes.com//" local="131227112617331578" remote="131224618800000000" Dst="2" />
<file name="39.jpg" server="ftp.bennettcodes.com//" local="131227112618483310" remote="131224618800000000" Dst="2" />
<file name="38.jpg" server="ftp.bennettcodes.com//" local="131227112618783601" remote="131224618800000000" Dst="2" />
<file name="4.jpg" server="ftp.bennettcodes.com//" local="131227112620546322" remote="131224618800000000" Dst="2" />
<file name="41.jpg" server="ftp.bennettcodes.com//" local="131227112621608125" remote="131224618800000000" Dst="2" />
<file name="40.jpg" server="ftp.bennettcodes.com//" local="131227112621637995" remote="131224618800000000" Dst="2" />
<file name="42.jpg" server="ftp.bennettcodes.com//" local="131227112623992408" remote="131224618800000000" Dst="2" />
<file name="43.jpg" server="ftp.bennettcodes.com//" local="131227112624422464" remote="131224618800000000" Dst="2" />
<file name="44.jpg" server="ftp.bennettcodes.com//" local="131227112624602704" remote="131224618800000000" Dst="2" />
<file name="45.jpg" server="ftp.bennettcodes.com//" local="131227112626917294" remote="131224618800000000" Dst="2" />
<file name="47.jpg" server="ftp.bennettcodes.com//" local="131227112627402910" remote="131224618800000000" Dst="2" />
<file name="46.jpg" server="ftp.bennettcodes.com//" local="131227112627432859" remote="131224618800000000" Dst="2" />
<file name="48.jpg" server="ftp.bennettcodes.com//" local="131227112629776463" remote="131224618800000000" Dst="2" />
<file name="49.jpg" server="ftp.bennettcodes.com//" local="131227112630147031" remote="131224618800000000" Dst="2" />
<file name="5.jpg" server="ftp.bennettcodes.com//" local="131227112630237178" remote="131224618800000000" Dst="2" />
<file name="50.jpg" server="ftp.bennettcodes.com//" local="131227112632705970" remote="131224618800000000" Dst="2" />
<file name="51.jpg" server="ftp.bennettcodes.com//" local="131227112633021446" remote="131224618800000000" Dst="2" />
<file name="52.jpg" server="ftp.bennettcodes.com//" local="131227112633091565" remote="131224618800000000" Dst="2" />
<file name="53.jpg" server="ftp.bennettcodes.com//" local="131227112635762011" remote="131224618800000000" Dst="2" />
<file name="54.jpg" server="ftp.bennettcodes.com//" local="131227112635842096" remote="131224618800000000" Dst="2" />
<file name="55.jpg" server="ftp.bennettcodes.com//" local="131227112635942103" remote="131224618800000000" Dst="2" />
<file name="56.jpg" server="ftp.bennettcodes.com//" local="131227112638711094" remote="131224618800000000" Dst="2" />
<file name="57.jpg" server="ftp.bennettcodes.com//" local="131227112638746163" remote="131224618800000000" Dst="2" />
<file name="58.jpg" server="ftp.bennettcodes.com//" local="131227112638886211" remote="131224618800000000" Dst="2" />
<file name="6.jpg" server="ftp.bennettcodes.com//" local="131227112641595539" remote="131224618800000000" Dst="2" />
<file name="59.jpg" server="ftp.bennettcodes.com//" local="131227112641660471" remote="131224618800000000" Dst="2" />
<file name="60.jpg" server="ftp.bennettcodes.com//" local="131227112641855964" remote="131224618800000000" Dst="2" />
<file name="61.jpg" server="ftp.bennettcodes.com//" local="131227112644414899" remote="131224618800000000" Dst="2" />
<file name="62.jpg" server="ftp.bennettcodes.com//" local="131227112644591030" remote="131224618800000000" Dst="2" />
<file name="63.jpg" server="ftp.bennettcodes.com//" local="131227112645210253" remote="131224618800000000" Dst="2" />
<file name="64.jpg" server="ftp.bennettcodes.com//" local="131227112647341947" remote="131224618800000000" Dst="2" />
<file name="65.jpg" server="ftp.bennettcodes.com//" local="131227112647422033" remote="131224618800000000" Dst="2" />
<file name="66.jpg" server="ftp.bennettcodes.com//" local="131227112648153166" remote="131224618800000000" Dst="2" />
<file name="68.jpg" server="ftp.bennettcodes.com//" local="131227112650336519" remote="131224618800000000" Dst="2" />
<file name="67.jpg" server="ftp.bennettcodes.com//" local="131227112650416472" remote="131224618800000000" Dst="2" />
<file name="69.jpg" server="ftp.bennettcodes.com//" local="131227112651302994" remote="131224618800000000" Dst="2" />
<file name="7.jpg" server="ftp.bennettcodes.com//" local="131227112653192600" remote="131224618800000000" Dst="2" />
<file name="70.jpg" server="ftp.bennettcodes.com//" local="131227112653277676" remote="131224618800000000" Dst="2" />
<file name="71.jpg" server="ftp.bennettcodes.com//" local="131227112654846922" remote="131224618800000000" Dst="2" />
<file name="72.jpg" server="ftp.bennettcodes.com//" local="131227112656563232" remote="131224618800000000" Dst="2" />
<file name="73.jpg" server="ftp.bennettcodes.com//" local="131227112656648345" remote="131224618800000000" Dst="2" />
<file name="74.jpg" server="ftp.bennettcodes.com//" local="131227112658380820" remote="131224618800000000" Dst="2" />
<file name="75.jpg" server="ftp.bennettcodes.com//" local="131227112659928731" remote="131224618800000000" Dst="2" />
<file name="76.jpg" server="ftp.bennettcodes.com//" local="131227112659958769" remote="131224618800000000" Dst="2" />
<file name="77.jpg" server="ftp.bennettcodes.com//" local="131227112662342956" remote="131224618800000000" Dst="2" />
<file name="78.jpg" server="ftp.bennettcodes.com//" local="131227112663502291" remote="131224618800000000" Dst="2" />
<file name="79.jpg" server="ftp.bennettcodes.com//" local="131227112663532338" remote="131224618800000000" Dst="2" />
<file name="8.jpg" server="ftp.bennettcodes.com//" local="131227112665292914" remote="131224618800000000" Dst="2" />
<file name="81.jpg" server="ftp.bennettcodes.com//" local="131227112666811157" remote="131224618800000000" Dst="2" />
<file name="80.jpg" server="ftp.bennettcodes.com//" local="131227112666876256" remote="131224618800000000" Dst="2" />
<file name="82.jpg" server="ftp.bennettcodes.com//" local="131227112669234883" remote="131224618800000000" Dst="2" />
<file name="83.jpg" server="ftp.bennettcodes.com//" local="131227112670256652" remote="131224620000000000" Dst="2" />
<file name="84.jpg" server="ftp.bennettcodes.com//" local="131227112670366772" remote="131224620000000000" Dst="2" />
<file name="85.jpg" server="ftp.bennettcodes.com//" local="131227112672785540" remote="131224620000000000" Dst="2" />
<file name="86.jpg" server="ftp.bennettcodes.com//" local="131227112673662486" remote="131224620000000000" Dst="2" />
<file name="87.jpg" server="ftp.bennettcodes.com//" local="131227112673803367" remote="131224620000000000" Dst="2" />
<file name="88.jpg" server="ftp.bennettcodes.com//" local="131227112676418751" remote="131224620000000000" Dst="2" />
<file name="9.jpg" server="ftp.bennettcodes.com//" local="131227112676629121" remote="131224618800000000" Dst="2" />
<file name="89.jpg" server="ftp.bennettcodes.com//" local="131227112677260075" remote="131224620000000000" Dst="2" />
<file name="90.jpg" server="ftp.bennettcodes.com//" local="131227112679668587" remote="131224620000000000" Dst="2" />
<file name="91.jpg" server="ftp.bennettcodes.com//" local="131227112679959032" remote="131224620000000000" Dst="2" />
<file name="92.jpg" server="ftp.bennettcodes.com//" local="131227112680735223" remote="131224620000000000" Dst="2" />
<file name="93.jpg" server="ftp.bennettcodes.com//" local="131227112683367522" remote="131224620000000000" Dst="2" />
<file name="94.jpg" server="ftp.bennettcodes.com//" local="131227112683472495" remote="131224620000000000" Dst="2" />
<file name="95.jpg" server="ftp.bennettcodes.com//" local="131227112684239403" remote="131224620000000000" Dst="2" />
<file name="96.jpg" server="ftp.bennettcodes.com//" local="131227112686663793" remote="131224620000000000" Dst="2" />
<file name="97.jpg" server="ftp.bennettcodes.com//" local="131227112686824039" remote="131224620000000000" Dst="2" />
<file name="98.jpg" server="ftp.bennettcodes.com//" local="131227112687840600" remote="131224620000000000" Dst="2" />
<file name="99.jpg" server="ftp.bennettcodes.com//" local="131227112690084148" remote="131224620000000000" Dst="2" />
</dwsync>