<?xml version="1.0" encoding="utf-8" ?><dwsync><file name="section-circle-fpo.jpg" server="dash-analytics.com" local="3589393593" remote="3589397940" Dst="-1" /><file name=".DS_Store" server="dash-analytics.com" local="3589484992" remote="3589489800" Dst="-1" /><file name="section-circle1.jpg" server="dash-analytics.com" local="3589552441" remote="3589557720" Dst="-1" /><file name="section-circle12.jpg" server="dash-analytics.com" local="3589552911" remote="3589557720" Dst="-1" /><file name="section-circle13.jpg" server="dash-analytics.com" local="3589552950" remote="3589557720" Dst="-1" /><file name="section-circle10.jpg" server="dash-analytics.com" local="3589552804" remote="3589557720" Dst="-1" /><file name="section-circle14.jpg" server="dash-analytics.com" local="3589552986" remote="3589557720" Dst="-1" /><file name="section-circle11.jpg" server="dash-analytics.com" local="3589552849" remote="3589557720" Dst="-1" /><file name="section-circle15.jpg" server="dash-analytics.com" local="3589552715" remote="3589557720" Dst="-1" /><file name="section-circle16.jpg" server="dash-analytics.com" local="3589553153" remote="3589557720" Dst="-1" /><file name="section-circle17.jpg" server="dash-analytics.com" local="3589553188" remote="3589557720" Dst="-1" /><file name="section-circle2.jpg" server="dash-analytics.com" local="3589552426" remote="3589557720" Dst="-1" /><file name="section-circle3.jpg" server="dash-analytics.com" local="3589552416" remote="3589557720" Dst="-1" /><file name="section-circle4.jpg" server="dash-analytics.com" local="3589552501" remote="3589557720" Dst="-1" /><file name="section-circle5.jpg" server="dash-analytics.com" local="3589552561" remote="3589557720" Dst="-1" /><file name="section-circle6.jpg" server="dash-analytics.com" local="3589552598" remote="3589557720" Dst="-1" /><file name="section-circle7.jpg" server="dash-analytics.com" local="3589552641" remote="3589557720" Dst="-1" /><file name="section-circle8.jpg" server="dash-analytics.com" local="3589552715" remote="3589557720" Dst="-1" /><file name="section-circle9.jpg" server="dash-analytics.com" local="3589552766" remote="3589557720" Dst="-1" /></dwsync>