<?xml version="1.0" encoding="utf-8" ?>
<dwsync>
<file name=".DS_Store" server="ftp.bennettcodes.com//" local="131227112129345276" remote="131224382400000000" Dst="2" />
<file name="be-logo-grayscale.png" server="ftp.bennettcodes.com//" local="131227112131097963" remote="131223333600000000" Dst="2" />
<file name="be-logo-green-white.png" server="ftp.bennettcodes.com//" local="131227112132426225" remote="131223333600000000" Dst="2" />
<file name="p90x-logo-silver.png" server="ftp.bennettcodes.com//" local="131227112134118409" remote="131224134000000000" Dst="2" />
<file name="piyo-logo-silver.png" server="ftp.bennettcodes.com//" local="131227112135920368" remote="131224816200000000" Dst="2" />
<file name="t25-logo-grayscale.png" server="ftp.bennettcodes.com//" local="131227112136527676" remote="131224450200000000" Dst="2" />
<file name="tdf-logo-grayscale.png" server="ftp.bennettcodes.com//" local="131227112138195413" remote="131224378200000000" Dst="2" />
<file name="tdf-logo.png" server="ftp.bennettcodes.com//" local="131227112139938086" remote="131224378200000000" Dst="2" />
</dwsync>