<?xml version="1.0" encoding="utf-8" ?><dwsync><file name="bars.svg" server="dash-analytics.com" local="3589391105" remote="3588619200" Dst="-1" /><file name="badge.png" server="dash-analytics.com" local="3589391105" remote="3586900560" Dst="-1" /><file name="bod-logo-white.png" server="dash-analytics.com" local="3589391105" remote="3588973200" Dst="-1" /><file name="calendar.svg" server="dash-analytics.com" local="3589391105" remote="3589308780" Dst="-1" /><file name="check.svg" server="dash-analytics.com" local="3589391105" remote="3587052840" Dst="-1" /><file name="blue-textured-bg.jpg" server="dash-analytics.com" local="3589391105" remote="3588973200" Dst="-1" /><file name="checkmark-icon.svg" server="dash-analytics.com" local="3589391105" remote="3589310220" Dst="-1" /><file name="chalene-profile.png" server="dash-analytics.com" local="3589391105" remote="3588973200" Dst="-1" /><file name="fixate-bg.jpg" server="dash-analytics.com" local="3589391106" remote="3587072640" Dst="-1" /><file name="define-yourself-bg.jpg" server="dash-analytics.com" local="3589391106" remote="3588619200" Dst="-1" /><file name="food-icon.svg" server="dash-analytics.com" local="3589391106" remote="3589308780" Dst="-1" /><file name="fork-spoon-icon.svg" server="dash-analytics.com" local="3589391106" remote="3589308780" Dst="-1" /><file name="fixate-bg.png" server="dash-analytics.com" local="3589391106" remote="3586900560" Dst="-1" /><file name="hero-bg.png" server="dash-analytics.com" local="3589391113" remote="3586900560" Dst="-1" /><file name="hero-bg2.png" server="dash-analytics.com" local="3589391113" remote="3586900560" Dst="-1" /><file name="hero-comp-bg.jpg" server="dash-analytics.com" local="3589391114" remote="3589234140" Dst="-1" /><file name="hero-bg4.png" server="dash-analytics.com" local="3589391114" remote="3586900560" Dst="-1" /><file name="hero-bg3.png" server="dash-analytics.com" local="3589391114" remote="3586900560" Dst="-1" /><file name="hero-comp.jpg" server="dash-analytics.com" local="3589391114" remote="3588603660" Dst="-1" /><file name="lines.svg" server="dash-analytics.com" local="3589391114" remote="3588619200" Dst="-1" /><file name="logo.png" server="dash-analytics.com" local="3589391114" remote="3586900560" Dst="-1" /><file name="hero-zoomed-bg.png" server="dash-analytics.com" local="3589391114" remote="3586900560" Dst="-1" /><file name="pink-textured-bg.jpg" server="dash-analytics.com" local="3589391114" remote="3588973200" Dst="-1" /><file name="play-button-black.svg" server="dash-analytics.com" local="3589391114" remote="3586985280" Dst="-1" /><file name="play.svg" server="dash-analytics.com" local="3589391115" remote="3588361440" Dst="-1" /><file name="plus-black-light.svg" server="dash-analytics.com" local="3589391115" remote="3587580360" Dst="-1" /><file name="rocket-icon.svg" server="dash-analytics.com" local="3589391115" remote="3589308780" Dst="-1" /><file name="plus-black.svg" server="dash-analytics.com" local="3589391115" remote="3586985280" Dst="-1" /><file name="hero-comp.png" server="dash-analytics.com" local="3589391115" remote="3588973200" Dst="-1" /><file name="timer.svg" server="dash-analytics.com" local="3589391116" remote="3588619200" Dst="-1" /><file name="workout-bg.jpg" server="dash-analytics.com" local="3589391117" remote="3587072640" Dst="-1" /><file name="yoga-bg.jpg" server="dash-analytics.com" local="3589391117" remote="3587072640" Dst="-1" /><file name="workout-bg.png" server="dash-analytics.com" local="3589391118" remote="3586900560" Dst="-1" /><file name="yoga-bg.png" server="dash-analytics.com" local="3589391119" remote="3586900560" Dst="-1" /><file name="yoga-bg2.png" server="dash-analytics.com" local="3589391119" remote="3587593440" Dst="-1" /><file name=".DS_Store" server="dash-analytics.com" local="3589484434" remote="3589489800" Dst="-1" /><file name="shield.svg" server="dash-analytics.com" local="3589823625" remote="3589828440" Dst="-1" /><file name="shield-solo.svg" server="dash-analytics.com" local="3589826016" remote="3589832760" Dst="-1" /><file name="arrow.svg" server="dash-analytics.com" local="3589907666" remote="3589911900" Dst="-1" /><file name="computer-icon.svg" server="dash-analytics.com" local="3590074327" remote="3590079660" Dst="-1" /><file name="phone-icon.svg" server="dash-analytics.com" local="3590075252" remote="3590079660" Dst="-1" /><file name="phone-icon.png" server="dash-analytics.com" local="3590075211" remote="3590079660" Dst="-1" /><file name="tv-icon.svg" server="dash-analytics.com" local="3590074021" remote="3590079660" Dst="-1" /></dwsync>