<?xml version="1.0" encoding="utf-8" ?>
<dwsync>
<file name=".DS_Store" server="ftp.bennettcodes.com//" local="131227112246708632" remote="131224362000000000" Dst="2" />
<file name="1.jpg" server="ftp.bennettcodes.com//" local="131227112248251024" remote="131224614000000000" Dst="2" />
<file name="10.jpg" server="ftp.bennettcodes.com//" local="131227112249998683" remote="131224614000000000" Dst="2" />
<file name="11.jpg" server="ftp.bennettcodes.com//" local="131227112250028561" remote="131224614000000000" Dst="2" />
<file name="12.jpg" server="ftp.bennettcodes.com//" local="131227112251726329" remote="131224614000000000" Dst="2" />
<file name="14.jpg" server="ftp.bennettcodes.com//" local="131227112253389234" remote="131224614000000000" Dst="2" />
<file name="13.jpg" server="ftp.bennettcodes.com//" local="131227112253459333" remote="131224614000000000" Dst="2" />
<file name="15.jpg" server="ftp.bennettcodes.com//" local="131227112255137634" remote="131224614000000000" Dst="2" />
<file name="17.jpg" server="ftp.bennettcodes.com//" local="131227112256775176" remote="131224614000000000" Dst="2" />
<file name="16.jpg" server="ftp.bennettcodes.com//" local="131227112256880337" remote="131224614000000000" Dst="2" />
<file name="18.jpg" server="ftp.bennettcodes.com//" local="131227112258542900" remote="131224614000000000" Dst="2" />
<file name="19.jpg" server="ftp.bennettcodes.com//" local="131227112260080415" remote="131224614000000000" Dst="2" />
<file name="2.jpg" server="ftp.bennettcodes.com//" local="131227112260240675" remote="131224614000000000" Dst="2" />
<file name="20.jpg" server="ftp.bennettcodes.com//" local="131227112261978690" remote="131224614000000000" Dst="2" />
<file name="22.jpg" server="ftp.bennettcodes.com//" local="131227112263476146" remote="131224614000000000" Dst="2" />
<file name="21.jpg" server="ftp.bennettcodes.com//" local="131227112263576662" remote="131224614000000000" Dst="2" />
<file name="23.jpg" server="ftp.bennettcodes.com//" local="131227112265925211" remote="131224614000000000" Dst="2" />
<file name="24.jpg" server="ftp.bennettcodes.com//" local="131227112266786355" remote="131224614000000000" Dst="2" />
<file name="25.jpg" server="ftp.bennettcodes.com//" local="131227112267112011" remote="131224614000000000" Dst="2" />
<file name="26.jpg" server="ftp.bennettcodes.com//" local="131227112269435878" remote="131224614000000000" Dst="2" />
<file name="27.jpg" server="ftp.bennettcodes.com//" local="131227112270357629" remote="131224614000000000" Dst="2" />
<file name="28.jpg" server="ftp.bennettcodes.com//" local="131227112270577978" remote="131224614000000000" Dst="2" />
<file name="29.jpg" server="ftp.bennettcodes.com//" local="131227112272811250" remote="131224614000000000" Dst="2" />
<file name="3.jpg" server="ftp.bennettcodes.com//" local="131227112273983050" remote="131224614000000000" Dst="2" />
<file name="30.jpg" server="ftp.bennettcodes.com//" local="131227112274013269" remote="131224614000000000" Dst="2" />
<file name="31.jpg" server="ftp.bennettcodes.com//" local="131227112276193238" remote="131224614000000000" Dst="2" />
<file name="32.jpg" server="ftp.bennettcodes.com//" local="131227112277239795" remote="131224614000000000" Dst="2" />
<file name="33.jpg" server="ftp.bennettcodes.com//" local="131227112277284758" remote="131224614000000000" Dst="2" />
<file name="34.jpg" server="ftp.bennettcodes.com//" local="131227112279628358" remote="131224614000000000" Dst="2" />
<file name="36.jpg" server="ftp.bennettcodes.com//" local="131227112280554942" remote="131224614000000000" Dst="2" />
<file name="35.jpg" server="ftp.bennettcodes.com//" local="131227112280679980" remote="131224614000000000" Dst="2" />
<file name="37.jpg" server="ftp.bennettcodes.com//" local="131227112283247406" remote="131224614000000000" Dst="2" />
<file name="38.jpg" server="ftp.bennettcodes.com//" local="131227112283922080" remote="131224614000000000" Dst="2" />
<file name="39.jpg" server="ftp.bennettcodes.com//" local="131227112284537249" remote="131224614000000000" Dst="2" />
<file name="4.jpg" server="ftp.bennettcodes.com//" local="131227112286548126" remote="131224614000000000" Dst="2" />
<file name="40.jpg" server="ftp.bennettcodes.com//" local="131227112287232555" remote="131224614000000000" Dst="2" />
<file name="41.jpg" server="ftp.bennettcodes.com//" local="131227112287943612" remote="131224614000000000" Dst="2" />
<file name="42.jpg" server="ftp.bennettcodes.com//" local="131227112290282052" remote="131224614000000000" Dst="2" />
<file name="43.jpg" server="ftp.bennettcodes.com//" local="131227112290612558" remote="131224614000000000" Dst="2" />
<file name="44.jpg" server="ftp.bennettcodes.com//" local="131227112291879506" remote="131224614000000000" Dst="2" />
<file name="45.jpg" server="ftp.bennettcodes.com//" local="131227112293897616" remote="131224614000000000" Dst="2" />
<file name="46.jpg" server="ftp.bennettcodes.com//" local="131227112294017968" remote="131224614000000000" Dst="2" />
<file name="47.jpg" server="ftp.bennettcodes.com//" local="131227112295549657" remote="131224614000000000" Dst="2" />
<file name="48.jpg" server="ftp.bennettcodes.com//" local="131227112297207008" remote="131224614000000000" Dst="2" />
<file name="49.jpg" server="ftp.bennettcodes.com//" local="131227112297317179" remote="131224614000000000" Dst="2" />
<file name="5.jpg" server="ftp.bennettcodes.com//" local="131227112299039828" remote="131224614000000000" Dst="2" />
<file name="50.jpg" server="ftp.bennettcodes.com//" local="131227112300652309" remote="131224614000000000" Dst="2" />
<file name="51.jpg" server="ftp.bennettcodes.com//" local="131227112300682354" remote="131224614000000000" Dst="2" />
<file name="52.jpg" server="ftp.bennettcodes.com//" local="131227112302525187" remote="131224614000000000" Dst="2" />
<file name="53.jpg" server="ftp.bennettcodes.com//" local="131227112303917329" remote="131224614000000000" Dst="2" />
<file name="54.jpg" server="ftp.bennettcodes.com//" local="131227112304047528" remote="131224614000000000" Dst="2" />
<file name="55.jpg" server="ftp.bennettcodes.com//" local="131227112306271121" remote="131224614000000000" Dst="2" />
<file name="56.jpg" server="ftp.bennettcodes.com//" local="131227112307387665" remote="131224614000000000" Dst="2" />
<file name="57.jpg" server="ftp.bennettcodes.com//" local="131227112307462781" remote="131224614000000000" Dst="2" />
<file name="58.jpg" server="ftp.bennettcodes.com//" local="131227112309701220" remote="131224614000000000" Dst="2" />
<file name="59.jpg" server="ftp.bennettcodes.com//" local="131227112310702760" remote="131224614000000000" Dst="2" />
<file name="6.jpg" server="ftp.bennettcodes.com//" local="131227112310928106" remote="131224614000000000" Dst="2" />
<file name="60.jpg" server="ftp.bennettcodes.com//" local="131227112313212293" remote="131224614000000000" Dst="2" />
<file name="61.jpg" server="ftp.bennettcodes.com//" local="131227112314134055" remote="131224614000000000" Dst="2" />
<file name="62.jpg" server="ftp.bennettcodes.com//" local="131227112314214147" remote="131224614000000000" Dst="2" />
<file name="63.jpg" server="ftp.bennettcodes.com//" local="131227112316858042" remote="131224614000000000" Dst="2" />
<file name="64.jpg" server="ftp.bennettcodes.com//" local="131227112317443942" remote="131224614000000000" Dst="2" />
<file name="65.jpg" server="ftp.bennettcodes.com//" local="131227112317689322" remote="131224614000000000" Dst="2" />
<file name="66.jpg" server="ftp.bennettcodes.com//" local="131227112320418514" remote="131224614000000000" Dst="2" />
<file name="67.jpg" server="ftp.bennettcodes.com//" local="131227112320693938" remote="131224614000000000" Dst="2" />
<file name="68.jpg" server="ftp.bennettcodes.com//" local="131227112321570287" remote="131224614000000000" Dst="2" />
<file name="69.jpg" server="ftp.bennettcodes.com//" local="131227112323964136" remote="131224614000000000" Dst="2" />
<file name="7.jpg" server="ftp.bennettcodes.com//" local="131227112324424848" remote="131224614000000000" Dst="2" />
<file name="70.jpg" server="ftp.bennettcodes.com//" local="131227112325080861" remote="131224614000000000" Dst="2" />
<file name="71.jpg" server="ftp.bennettcodes.com//" local="131227112327574974" remote="131224614000000000" Dst="2" />
<file name="72.jpg" server="ftp.bennettcodes.com//" local="131227112327890456" remote="131224614000000000" Dst="2" />
<file name="73.jpg" server="ftp.bennettcodes.com//" local="131227112328496391" remote="131224614000000000" Dst="2" />
<file name="74.jpg" server="ftp.bennettcodes.com//" local="131227112331040302" remote="131224614000000000" Dst="2" />
<file name="75.jpg" server="ftp.bennettcodes.com//" local="131227112331300703" remote="131224614000000000" Dst="2" />
<file name="76.jpg" server="ftp.bennettcodes.com//" local="131227112332071890" remote="131224614000000000" Dst="2" />
<file name="77.jpg" server="ftp.bennettcodes.com//" local="131227112334504059" remote="131224614000000000" Dst="2" />
<file name="78.jpg" server="ftp.bennettcodes.com//" local="131227112334869416" remote="131224614000000000" Dst="2" />
<file name="79.jpg" server="ftp.bennettcodes.com//" local="131227112335506255" remote="131224614000000000" Dst="2" />
<file name="8.jpg" server="ftp.bennettcodes.com//" local="131227112338110266" remote="131224614000000000" Dst="2" />
<file name="80.jpg" server="ftp.bennettcodes.com//" local="131227112338205410" remote="131224614000000000" Dst="2" />
<file name="81.jpg" server="ftp.bennettcodes.com//" local="131227112338851614" remote="131224614000000000" Dst="2" />
<file name="82.jpg" server="ftp.bennettcodes.com//" local="131227112341390631" remote="131224614000000000" Dst="2" />
<file name="83.jpg" server="ftp.bennettcodes.com//" local="131227112341540860" remote="131224614000000000" Dst="2" />
<file name="84.jpg" server="ftp.bennettcodes.com//" local="131227112342592848" remote="131224614000000000" Dst="2" />
<file name="85.jpg" server="ftp.bennettcodes.com//" local="131227112344851714" remote="131224614000000000" Dst="2" />
<file name="86.jpg" server="ftp.bennettcodes.com//" local="131227112345006940" remote="131224614000000000" Dst="2" />
<file name="87.jpg" server="ftp.bennettcodes.com//" local="131227112345967612" remote="131224614000000000" Dst="2" />
<file name="88.jpg" server="ftp.bennettcodes.com//" local="131227112348369795" remote="131224614000000000" Dst="2" />
<file name="89.jpg" server="ftp.bennettcodes.com//" local="131227112348444912" remote="131224614000000000" Dst="2" />
<file name="9.jpg" server="ftp.bennettcodes.com//" local="131227112349456472" remote="131224614000000000" Dst="2" />
</dwsync>