<?xml version="1.0" encoding="utf-8" ?>
<dwsync>
<file name=".DS_Store" server="ftp.bennettcodes.com//" local="131227112142692145" remote="131224364400000000" Dst="2" />
<file name="1.jpg" server="ftp.bennettcodes.com//" local="131227112144569760" remote="131224615800000000" Dst="2" />
<file name="100.jpg" server="ftp.bennettcodes.com//" local="131227112145626935" remote="131224616400000000" Dst="2" />
<file name="10.jpg" server="ftp.bennettcodes.com//" local="131227112145656983" remote="131224615800000000" Dst="2" />
<file name="101.jpg" server="ftp.bennettcodes.com//" local="131227112147703574" remote="131224616400000000" Dst="2" />
<file name="102.jpg" server="ftp.bennettcodes.com//" local="131227112148384645" remote="131224616400000000" Dst="2" />
<file name="103.jpg" server="ftp.bennettcodes.com//" local="131227112148449556" remote="131224616400000000" Dst="2" />
<file name="104.jpg" server="ftp.bennettcodes.com//" local="131227112150848748" remote="131224616400000000" Dst="2" />
<file name="11.jpg" server="ftp.bennettcodes.com//" local="131227112151244336" remote="131224615800000000" Dst="2" />
<file name="105.jpg" server="ftp.bennettcodes.com//" local="131227112151294251" remote="131224616400000000" Dst="2" />
<file name="12.jpg" server="ftp.bennettcodes.com//" local="131227112153942476" remote="131224615800000000" Dst="2" />
<file name="13.jpg" server="ftp.bennettcodes.com//" local="131227112154162450" remote="131224615800000000" Dst="2" />
<file name="14.jpg" server="ftp.bennettcodes.com//" local="131227112154672393" remote="131224615800000000" Dst="2" />
<file name="15.jpg" server="ftp.bennettcodes.com//" local="131227112156993903" remote="131224615800000000" Dst="2" />
<file name="16.jpg" server="ftp.bennettcodes.com//" local="131227112157094050" remote="131224615800000000" Dst="2" />
<file name="17.jpg" server="ftp.bennettcodes.com//" local="131227112157709995" remote="131224615800000000" Dst="2" />
<file name="19.jpg" server="ftp.bennettcodes.com//" local="131227112160033567" remote="131224615800000000" Dst="2" />
<file name="18.jpg" server="ftp.bennettcodes.com//" local="131227112160063615" remote="131224615800000000" Dst="2" />
<file name="2.jpg" server="ftp.bennettcodes.com//" local="131227112160939960" remote="131224615800000000" Dst="2" />
<file name="20.jpg" server="ftp.bennettcodes.com//" local="131227112162822859" remote="131224615800000000" Dst="2" />
<file name="21.jpg" server="ftp.bennettcodes.com//" local="131227112162978105" remote="131224615800000000" Dst="2" />
<file name="22.jpg" server="ftp.bennettcodes.com//" local="131227112163990646" remote="131224615800000000" Dst="2" />
<file name="23.jpg" server="ftp.bennettcodes.com//" local="131227112165628202" remote="131224615800000000" Dst="2" />
<file name="24.jpg" server="ftp.bennettcodes.com//" local="131227112165703158" remote="131224615800000000" Dst="2" />
<file name="25.jpg" server="ftp.bennettcodes.com//" local="131227112167048254" remote="131224615800000000" Dst="2" />
<file name="27.jpg" server="ftp.bennettcodes.com//" local="131227112168436302" remote="131224615800000000" Dst="2" />
<file name="26.jpg" server="ftp.bennettcodes.com//" local="131227112168511411" remote="131224615800000000" Dst="2" />
<file name="28.jpg" server="ftp.bennettcodes.com//" local="131227112170244080" remote="131224615800000000" Dst="2" />
<file name="29.jpg" server="ftp.bennettcodes.com//" local="131227112171305723" remote="131224615800000000" Dst="2" />
<file name="3.jpg" server="ftp.bennettcodes.com//" local="131227112171355788" remote="131224615800000000" Dst="2" />
<file name="30.jpg" server="ftp.bennettcodes.com//" local="131227112173083929" remote="131224615800000000" Dst="2" />
<file name="31.jpg" server="ftp.bennettcodes.com//" local="131227112174134109" remote="131224615800000000" Dst="2" />
<file name="32.jpg" server="ftp.bennettcodes.com//" local="131227112174199219" remote="131224615800000000" Dst="2" />
<file name="33.jpg" server="ftp.bennettcodes.com//" local="131227112176412679" remote="131224615800000000" Dst="2" />
<file name="34.jpg" server="ftp.bennettcodes.com//" local="131227112177008422" remote="131224615800000000" Dst="2" />
<file name="35.jpg" server="ftp.bennettcodes.com//" local="131227112177063507" remote="131224615800000000" Dst="2" />
<file name="36.jpg" server="ftp.bennettcodes.com//" local="131227112179156724" remote="131224615800000000" Dst="2" />
<file name="37.jpg" server="ftp.bennettcodes.com//" local="131227112179867819" remote="131224615800000000" Dst="2" />
<file name="38.jpg" server="ftp.bennettcodes.com//" local="131227112180503798" remote="131224615800000000" Dst="2" />
<file name="39.jpg" server="ftp.bennettcodes.com//" local="131227112182131299" remote="131224615800000000" Dst="2" />
<file name="4.jpg" server="ftp.bennettcodes.com//" local="131227112182929003" remote="131224615800000000" Dst="2" />
<file name="40.jpg" server="ftp.bennettcodes.com//" local="131227112183324609" remote="131224615800000000" Dst="2" />
<file name="41.jpg" server="ftp.bennettcodes.com//" local="131227112185055813" remote="131224615800000000" Dst="2" />
<file name="42.jpg" server="ftp.bennettcodes.com//" local="131227112185999351" remote="131224615800000000" Dst="2" />
<file name="43.jpg" server="ftp.bennettcodes.com//" local="131227112186246066" remote="131224615800000000" Dst="2" />
<file name="44.jpg" server="ftp.bennettcodes.com//" local="131227112187823332" remote="131224615800000000" Dst="2" />
<file name="45.jpg" server="ftp.bennettcodes.com//" local="131227112188980303" remote="131224615800000000" Dst="2" />
<file name="46.jpg" server="ftp.bennettcodes.com//" local="131227112189080265" remote="131224615800000000" Dst="2" />
<file name="47.jpg" server="ftp.bennettcodes.com//" local="131227112190607627" remote="131224615800000000" Dst="2" />
<file name="49.jpg" server="ftp.bennettcodes.com//" local="131227112191874768" remote="131224615800000000" Dst="2" />
<file name="48.jpg" server="ftp.bennettcodes.com//" local="131227112191904608" remote="131224615800000000" Dst="2" />
<file name="5.jpg" server="ftp.bennettcodes.com//" local="131227112193624098" remote="131224615800000000" Dst="2" />
<file name="50.jpg" server="ftp.bennettcodes.com//" local="131227112194603503" remote="131224615800000000" Dst="2" />
<file name="51.jpg" server="ftp.bennettcodes.com//" local="131227112194753732" remote="131224615800000000" Dst="2" />
<file name="52.jpg" server="ftp.bennettcodes.com//" local="131227112196338256" remote="131224615800000000" Dst="2" />
<file name="54.jpg" server="ftp.bennettcodes.com//" local="131227112197475001" remote="131224615800000000" Dst="2" />
<file name="53.jpg" server="ftp.bennettcodes.com//" local="131227112197525080" remote="131224615800000000" Dst="2" />
<file name="55.jpg" server="ftp.bennettcodes.com//" local="131227112199227708" remote="131224615800000000" Dst="2" />
<file name="57.jpg" server="ftp.bennettcodes.com//" local="131227112200344412" remote="131224615800000000" Dst="2" />
<file name="56.jpg" server="ftp.bennettcodes.com//" local="131227112200394491" remote="131224615800000000" Dst="2" />
<file name="58.jpg" server="ftp.bennettcodes.com//" local="131227112202142177" remote="131224615800000000" Dst="2" />
<file name="59.jpg" server="ftp.bennettcodes.com//" local="131227112203093280" remote="131224615800000000" Dst="2" />
<file name="6.jpg" server="ftp.bennettcodes.com//" local="131227112203158352" remote="131224615800000000" Dst="2" />
<file name="60.jpg" server="ftp.bennettcodes.com//" local="131227112205502420" remote="131224615800000000" Dst="2" />
<file name="61.jpg" server="ftp.bennettcodes.com//" local="131227112206003487" remote="131224615800000000" Dst="2" />
<file name="62.jpg" server="ftp.bennettcodes.com//" local="131227112206048395" remote="131224615800000000" Dst="2" />
<file name="63.jpg" server="ftp.bennettcodes.com//" local="131227112208282940" remote="131224615800000000" Dst="2" />
<file name="65.jpg" server="ftp.bennettcodes.com//" local="131227112208943960" remote="131224615800000000" Dst="2" />
<file name="64.jpg" server="ftp.bennettcodes.com//" local="131227112208978824" remote="131224615800000000" Dst="2" />
<file name="66.jpg" server="ftp.bennettcodes.com//" local="131227112211257830" remote="131224615800000000" Dst="2" />
<file name="67.jpg" server="ftp.bennettcodes.com//" local="131227112211823897" remote="131224615800000000" Dst="2" />
<file name="68.jpg" server="ftp.bennettcodes.com//" local="131227112211938874" remote="131224615800000000" Dst="2" />
<file name="69.jpg" server="ftp.bennettcodes.com//" local="131227112214107473" remote="131224615800000000" Dst="2" />
<file name="7.jpg" server="ftp.bennettcodes.com//" local="131227112214634155" remote="131224615800000000" Dst="2" />
<file name="70.jpg" server="ftp.bennettcodes.com//" local="131227112215212268" remote="131224615800000000" Dst="2" />
<file name="71.jpg" server="ftp.bennettcodes.com//" local="131227112216894367" remote="131224615800000000" Dst="2" />
<file name="72.jpg" server="ftp.bennettcodes.com//" local="131227112217575213" remote="131224615800000000" Dst="2" />
<file name="73.jpg" server="ftp.bennettcodes.com//" local="131227112218080990" remote="131224615800000000" Dst="2" />
<file name="74.jpg" server="ftp.bennettcodes.com//" local="131227112220014117" remote="131224615800000000" Dst="2" />
<file name="75.jpg" server="ftp.bennettcodes.com//" local="131227112220474675" remote="131224615800000000" Dst="2" />
<file name="76.jpg" server="ftp.bennettcodes.com//" local="131227112220970606" remote="131224615800000000" Dst="2" />
<file name="77.jpg" server="ftp.bennettcodes.com//" local="131227112223023683" remote="131224615800000000" Dst="2" />
<file name="78.jpg" server="ftp.bennettcodes.com//" local="131227112223507550" remote="131224615800000000" Dst="2" />
<file name="79.jpg" server="ftp.bennettcodes.com//" local="131227112224097323" remote="131224615800000000" Dst="2" />
<file name="8.jpg" server="ftp.bennettcodes.com//" local="131227112225882031" remote="131224615800000000" Dst="2" />
<file name="80.jpg" server="ftp.bennettcodes.com//" local="131227112226332590" remote="131224615800000000" Dst="2" />
<file name="81.jpg" server="ftp.bennettcodes.com//" local="131227112226978924" remote="131224615800000000" Dst="2" />
<file name="82.jpg" server="ftp.bennettcodes.com//" local="131227112228791501" remote="131224615800000000" Dst="2" />
<file name="83.jpg" server="ftp.bennettcodes.com//" local="131227112229247202" remote="131224615800000000" Dst="2" />
<file name="84.jpg" server="ftp.bennettcodes.com//" local="131227112229843119" remote="131224616400000000" Dst="2" />
<file name="85.jpg" server="ftp.bennettcodes.com//" local="131227112231921476" remote="131224616400000000" Dst="2" />
<file name="86.jpg" server="ftp.bennettcodes.com//" local="131227112232266846" remote="131224616400000000" Dst="2" />
<file name="87.jpg" server="ftp.bennettcodes.com//" local="131227112232797835" remote="131224616400000000" Dst="2" />
<file name="88.jpg" server="ftp.bennettcodes.com//" local="131227112234967534" remote="131224616400000000" Dst="2" />
<file name="89.jpg" server="ftp.bennettcodes.com//" local="131227112235245728" remote="131224616400000000" Dst="2" />
<file name="9.jpg" server="ftp.bennettcodes.com//" local="131227112235628270" remote="131224615800000000" Dst="2" />
<file name="90.jpg" server="ftp.bennettcodes.com//" local="131227112237864760" remote="131224616400000000" Dst="2" />
<file name="91.jpg" server="ftp.bennettcodes.com//" local="131227112238240546" remote="131224616400000000" Dst="2" />
<file name="92.jpg" server="ftp.bennettcodes.com//" local="131227112238480871" remote="131224616400000000" Dst="2" />
<file name="93.jpg" server="ftp.bennettcodes.com//" local="131227112240844359" remote="131224616400000000" Dst="2" />
<file name="94.jpg" server="ftp.bennettcodes.com//" local="131227112241275013" remote="131224616400000000" Dst="2" />
<file name="95.jpg" server="ftp.bennettcodes.com//" local="131227112242011309" remote="131224616400000000" Dst="2" />
<file name="96.jpg" server="ftp.bennettcodes.com//" local="131227112243727278" remote="131224616400000000" Dst="2" />
<file name="97.jpg" server="ftp.bennettcodes.com//" local="131227112244315210" remote="131224616400000000" Dst="2" />
<file name="98.jpg" server="ftp.bennettcodes.com//" local="131227112244917855" remote="131224616400000000" Dst="2" />
<file name="99.jpg" server="ftp.bennettcodes.com//" local="131227112246583434" remote="131224616400000000" Dst="2" />
</dwsync>