<?xml version="1.0" encoding="utf-8" ?>
<dwsync>
<file name="1.jpg" server="ftp.bennettcodes.com//" local="131227112351239247" remote="131224724400000000" Dst="2" />
<file name="10.jpg" server="ftp.bennettcodes.com//" local="131227112351274159" remote="131224724400000000" Dst="2" />
<file name="100.jpg" server="ftp.bennettcodes.com//" local="131227112352360941" remote="131224724400000000" Dst="2" />
<file name="101.jpg" server="ftp.bennettcodes.com//" local="131227112354035998" remote="131224724400000000" Dst="2" />
<file name="102.jpg" server="ftp.bennettcodes.com//" local="131227112354181203" remote="131224724400000000" Dst="2" />
<file name="103.jpg" server="ftp.bennettcodes.com//" local="131227112355303290" remote="131224724400000000" Dst="2" />
<file name="104.jpg" server="ftp.bennettcodes.com//" local="131227112356928442" remote="131224724400000000" Dst="2" />
<file name="105.jpg" server="ftp.bennettcodes.com//" local="131227112356973360" remote="131224724400000000" Dst="2" />
<file name="106.jpg" server="ftp.bennettcodes.com//" local="131227112358811682" remote="131224724400000000" Dst="2" />
<file name="107.jpg" server="ftp.bennettcodes.com//" local="131227112359983479" remote="131224724400000000" Dst="2" />
<file name="108.jpg" server="ftp.bennettcodes.com//" local="131227112360013537" remote="131224724400000000" Dst="2" />
<file name="109.jpg" server="ftp.bennettcodes.com//" local="131227112362156822" remote="131224724400000000" Dst="2" />
<file name="11.jpg" server="ftp.bennettcodes.com//" local="131227112362862907" remote="131224724400000000" Dst="2" />
<file name="110.jpg" server="ftp.bennettcodes.com//" local="131227112362897968" remote="131224724400000000" Dst="2" />
<file name="111.jpg" server="ftp.bennettcodes.com//" local="131227112364942466" remote="131224724400000000" Dst="2" />
<file name="112.jpg" server="ftp.bennettcodes.com//" local="131227112365625521" remote="131224724400000000" Dst="2" />
<file name="113.jpg" server="ftp.bennettcodes.com//" local="131227112365725665" remote="131224724400000000" Dst="2" />
<file name="114.jpg" server="ftp.bennettcodes.com//" local="131227112368029108" remote="131224724400000000" Dst="2" />
<file name="115.jpg" server="ftp.bennettcodes.com//" local="131227112368459765" remote="131224724400000000" Dst="2" />
<file name="116.jpg" server="ftp.bennettcodes.com//" local="131227112368559919" remote="131224724400000000" Dst="2" />
<file name="12.jpg" server="ftp.bennettcodes.com//" local="131227112370968625" remote="131224724400000000" Dst="2" />
<file name="13.jpg" server="ftp.bennettcodes.com//" local="131227112371444354" remote="131224724400000000" Dst="2" />
<file name="14.jpg" server="ftp.bennettcodes.com//" local="131227112371479405" remote="131224724400000000" Dst="2" />
<file name="15.jpg" server="ftp.bennettcodes.com//" local="131227112373919553" remote="131224724400000000" Dst="2" />
<file name="16.jpg" server="ftp.bennettcodes.com//" local="131227112374270083" remote="131224724400000000" Dst="2" />
<file name="17.jpg" server="ftp.bennettcodes.com//" local="131227112374430623" remote="131224724400000000" Dst="2" />
<file name="18.jpg" server="ftp.bennettcodes.com//" local="131227112376689831" remote="131224724400000000" Dst="2" />
<file name="2.jpg" server="ftp.bennettcodes.com//" local="131227112377215973" remote="131224724400000000" Dst="2" />
<file name="19.jpg" server="ftp.bennettcodes.com//" local="131227112377251021" remote="131224724400000000" Dst="2" />
<file name="20.jpg" server="ftp.bennettcodes.com//" local="131227112379815189" remote="131224724400000000" Dst="2" />
<file name="21.jpg" server="ftp.bennettcodes.com//" local="131227112380120644" remote="131224724400000000" Dst="2" />
<file name="22.jpg" server="ftp.bennettcodes.com//" local="131227112380210576" remote="131224724400000000" Dst="2" />
<file name="23.jpg" server="ftp.bennettcodes.com//" local="131227112383102279" remote="131224724400000000" Dst="2" />
<file name="24.jpg" server="ftp.bennettcodes.com//" local="131227112383142300" remote="131224724400000000" Dst="2" />
<file name="25.jpg" server="ftp.bennettcodes.com//" local="131227112383776827" remote="131224724400000000" Dst="2" />
<file name="26.jpg" server="ftp.bennettcodes.com//" local="131227112385935935" remote="131224724400000000" Dst="2" />
<file name="27.jpg" server="ftp.bennettcodes.com//" local="131227112386056120" remote="131224724400000000" Dst="2" />
<file name="28.jpg" server="ftp.bennettcodes.com//" local="131227112387237934" remote="131224724400000000" Dst="2" />
<file name="3.jpg" server="ftp.bennettcodes.com//" local="131227112389381236" remote="131224724400000000" Dst="2" />
<file name="30.jpg" server="ftp.bennettcodes.com//" local="131227112390578071" remote="131224724400000000" Dst="2" />
<file name="31.jpg" server="ftp.bennettcodes.com//" local="131227112392295712" remote="131224724400000000" Dst="2" />
<file name="32.jpg" server="ftp.bennettcodes.com//" local="131227112394063901" remote="131224724400000000" Dst="2" />
<file name="29.jpg" server="ftp.bennettcodes.com//" local="131227112394304117" remote="131224724400000000" Dst="2" />
<file name="33.jpg" server="ftp.bennettcodes.com//" local="131227112395761358" remote="131224724400000000" Dst="2" />
<file name="34.jpg" server="ftp.bennettcodes.com//" local="131227112396973230" remote="131224724400000000" Dst="2" />
<file name="35.jpg" server="ftp.bennettcodes.com//" local="131227112397544205" remote="131224724400000000" Dst="2" />
<file name="36.jpg" server="ftp.bennettcodes.com//" local="131227112398786115" remote="131224724400000000" Dst="2" />
<file name="37.jpg" server="ftp.bennettcodes.com//" local="131227112400118161" remote="131224724400000000" Dst="2" />
<file name="38.jpg" server="ftp.bennettcodes.com//" local="131227112400618931" remote="131224724400000000" Dst="2" />
<file name="39.jpg" server="ftp.bennettcodes.com//" local="131227112402336573" remote="131224724400000000" Dst="2" />
<file name="4.jpg" server="ftp.bennettcodes.com//" local="131227112403497304" remote="131224724400000000" Dst="2" />
<file name="40.jpg" server="ftp.bennettcodes.com//" local="131227112403587441" remote="131224724400000000" Dst="2" />
<file name="41.jpg" server="ftp.bennettcodes.com//" local="131227112405387512" remote="131224724400000000" Dst="2" />
<file name="43.jpg" server="ftp.bennettcodes.com//" local="131227112406383034" remote="131224724400000000" Dst="2" />
<file name="42.jpg" server="ftp.bennettcodes.com//" local="131227112406433290" remote="131224724400000000" Dst="2" />
<file name="44.jpg" server="ftp.bennettcodes.com//" local="131227112408912109" remote="131224724400000000" Dst="2" />
<file name="46.jpg" server="ftp.bennettcodes.com//" local="131227112409397671" remote="131224724400000000" Dst="2" />
<file name="45.jpg" server="ftp.bennettcodes.com//" local="131227112409808440" remote="131224724400000000" Dst="2" />
<file name="47.jpg" server="ftp.bennettcodes.com//" local="131227112411756448" remote="131224724400000000" Dst="2" />
<file name="48.jpg" server="ftp.bennettcodes.com//" local="131227112412497578" remote="131224724400000000" Dst="2" />
<file name="49.jpg" server="ftp.bennettcodes.com//" local="131227112413369257" remote="131224724400000000" Dst="2" />
<file name="5.jpg" server="ftp.bennettcodes.com//" local="131227112415594432" remote="131224724400000000" Dst="2" />
<file name="50.jpg" server="ftp.bennettcodes.com//" local="131227112416090034" remote="131224724400000000" Dst="2" />
<file name="51.jpg" server="ftp.bennettcodes.com//" local="131227112417316937" remote="131224724400000000" Dst="2" />
<file name="52.jpg" server="ftp.bennettcodes.com//" local="131227112418839271" remote="131224724400000000" Dst="2" />
<file name="53.jpg" server="ftp.bennettcodes.com//" local="131227112419074630" remote="131224724400000000" Dst="2" />
<file name="54.jpg" server="ftp.bennettcodes.com//" local="131227112420562107" remote="131224724400000000" Dst="2" />
<file name="55.jpg" server="ftp.bennettcodes.com//" local="131227112421863918" remote="131224724400000000" Dst="2" />
<file name="56.jpg" server="ftp.bennettcodes.com//" local="131227112422074243" remote="131224724400000000" Dst="2" />
<file name="57.jpg" server="ftp.bennettcodes.com//" local="131227112423797428" remote="131224724400000000" Dst="2" />
<file name="58.jpg" server="ftp.bennettcodes.com//" local="131227112425068402" remote="131224724400000000" Dst="2" />
<file name="59.jpg" server="ftp.bennettcodes.com//" local="131227112425589486" remote="131224724400000000" Dst="2" />
<file name="6.jpg" server="ftp.bennettcodes.com//" local="131227112428098749" remote="131224724400000000" Dst="2" />
<file name="60.jpg" server="ftp.bennettcodes.com//" local="131227112429635977" remote="131224724400000000" Dst="2" />
<file name="61.jpg" server="ftp.bennettcodes.com//" local="131227112429676039" remote="131224724400000000" Dst="2" />
<file name="62.jpg" server="ftp.bennettcodes.com//" local="131227112431318612" remote="131224724400000000" Dst="2" />
<file name="64.jpg" server="ftp.bennettcodes.com//" local="131227112432640976" remote="131224724400000000" Dst="2" />
<file name="63.jpg" server="ftp.bennettcodes.com//" local="131227112432686014" remote="131224724400000000" Dst="2" />
<file name="65.jpg" server="ftp.bennettcodes.com//" local="131227112434232184" remote="131224724400000000" Dst="2" />
<file name="66.jpg" server="ftp.bennettcodes.com//" local="131227112435408219" remote="131224724400000000" Dst="2" />
<file name="67.jpg" server="ftp.bennettcodes.com//" local="131227112435568424" remote="131224724400000000" Dst="2" />
<file name="68.jpg" server="ftp.bennettcodes.com//" local="131227112437131369" remote="131224724400000000" Dst="2" />
<file name="69.jpg" server="ftp.bennettcodes.com//" local="131227112438468423" remote="131224724400000000" Dst="2" />
<file name="7.jpg" server="ftp.bennettcodes.com//" local="131227112439079531" remote="131224724400000000" Dst="2" />
<file name="70.jpg" server="ftp.bennettcodes.com//" local="131227112440171037" remote="131224724400000000" Dst="2" />
<file name="71.jpg" server="ftp.bennettcodes.com//" local="131227112441357871" remote="131224724400000000" Dst="2" />
<file name="72.jpg" server="ftp.bennettcodes.com//" local="131227112442389456" remote="131224724400000000" Dst="2" />
<file name="73.jpg" server="ftp.bennettcodes.com//" local="131227112443145619" remote="131224724400000000" Dst="2" />
<file name="74.jpg" server="ftp.bennettcodes.com//" local="131227112444290910" remote="131224724400000000" Dst="2" />
<file name="75.jpg" server="ftp.bennettcodes.com//" local="131227112445399598" remote="131224724400000000" Dst="2" />
<file name="76.jpg" server="ftp.bennettcodes.com//" local="131227112446025727" remote="131224724400000000" Dst="2" />
<file name="77.jpg" server="ftp.bennettcodes.com//" local="131227112447163084" remote="131224724400000000" Dst="2" />
<file name="78.jpg" server="ftp.bennettcodes.com//" local="131227112448369775" remote="131224724400000000" Dst="2" />
<file name="79.jpg" server="ftp.bennettcodes.com//" local="131227112448935846" remote="131224724400000000" Dst="2" />
<file name="8.jpg" server="ftp.bennettcodes.com//" local="131227112450142704" remote="131224724400000000" Dst="2" />
<file name="80.jpg" server="ftp.bennettcodes.com//" local="131227112451424624" remote="131224724400000000" Dst="2" />
<file name="81.jpg" server="ftp.bennettcodes.com//" local="131227112452155603" remote="131224724400000000" Dst="2" />
<file name="82.jpg" server="ftp.bennettcodes.com//" local="131227112453177173" remote="131224724400000000" Dst="2" />
<file name="83.jpg" server="ftp.bennettcodes.com//" local="131227112454305326" remote="131224724400000000" Dst="2" />
<file name="84.jpg" server="ftp.bennettcodes.com//" local="131227112455582645" remote="131224724400000000" Dst="2" />
<file name="85.jpg" server="ftp.bennettcodes.com//" local="131227112456163542" remote="131224724400000000" Dst="2" />
<file name="86.jpg" server="ftp.bennettcodes.com//" local="131227112457325591" remote="131224724400000000" Dst="2" />
<file name="87.jpg" server="ftp.bennettcodes.com//" local="131227112458417422" remote="131224724400000000" Dst="2" />
<file name="88.jpg" server="ftp.bennettcodes.com//" local="131227112459063261" remote="131224724400000000" Dst="2" />
<file name="89.jpg" server="ftp.bennettcodes.com//" local="131227112460245078" remote="131224724400000000" Dst="2" />
<file name="9.jpg" server="ftp.bennettcodes.com//" local="131227112461497008" remote="131224724400000000" Dst="2" />
<file name="90.jpg" server="ftp.bennettcodes.com//" local="131227112461997771" remote="131224724400000000" Dst="2" />
<file name="91.jpg" server="ftp.bennettcodes.com//" local="131227112463234670" remote="131224724400000000" Dst="2" />
<file name="92.jpg" server="ftp.bennettcodes.com//" local="131227112464472259" remote="131224724400000000" Dst="2" />
<file name="94.jpg" server="ftp.bennettcodes.com//" local="131227112466257429" remote="131224724400000000" Dst="2" />
<file name="95.jpg" server="ftp.bennettcodes.com//" local="131227112467709660" remote="131224724400000000" Dst="2" />
<file name="93.jpg" server="ftp.bennettcodes.com//" local="131227112468295721" remote="131224724400000000" Dst="2" />
<file name="96.jpg" server="ftp.bennettcodes.com//" local="131227112469482691" remote="131224724400000000" Dst="2" />
<file name="97.jpg" server="ftp.bennettcodes.com//" local="131227112470664498" remote="131224724400000000" Dst="2" />
<file name="98.jpg" server="ftp.bennettcodes.com//" local="131227112471215347" remote="131224724400000000" Dst="2" />
<file name="99.jpg" server="ftp.bennettcodes.com//" local="131227112472802790" remote="131224724400000000" Dst="2" />
</dwsync>