<?xml version="1.0" encoding="utf-8" ?><dwsync><file name="arrow-fpo.jpg" server="dash-analytics.com" local="3589391106" remote="3589230000" Dst="-1" /><file name="community-2-fpo.jpg" server="dash-analytics.com" local="3589391106" remote="3587480700" Dst="-1" /><file name="community-2-fpo.png" server="dash-analytics.com" local="3589391107" remote="3587480700" Dst="-1" /><file name="community-fpo.jpg" server="dash-analytics.com" local="3589391107" remote="3587480700" Dst="-1" /><file name="faq-fpo.jpg" server="dash-analytics.com" local="3589391107" remote="3587493960" Dst="-1" /><file name="header-fpo.jpg" server="dash-analytics.com" local="3589391107" remote="3586985280" Dst="-1" /><file name="faq-fpo.png" server="dash-analytics.com" local="3589391107" remote="3587493960" Dst="-1" /><file name="header-new-fpo.jpg" server="dash-analytics.com" local="3589391107" remote="3588361440" Dst="-1" /><file name="home-bottom-2-fpo.jpg" server="dash-analytics.com" local="3589391107" remote="3587480700" Dst="-1" /><file name="home-bottom-3-fpo.jpg" server="dash-analytics.com" local="3589391107" remote="3587493960" Dst="-1" /><file name="home-bottom-fpo.jpg" server="dash-analytics.com" local="3589391108" remote="3586985280" Dst="-1" /><file name="homepage-program-fpo.jpg" server="dash-analytics.com" local="3589391108" remote="3586900560" Dst="-1" /><file name="homepage2-fpo.png" server="dash-analytics.com" local="3589391108" remote="3586900560" Dst="-1" /><file name="homepage1-fpo.png" server="dash-analytics.com" local="3589391109" remote="3586900560" Dst="-1" /><file name="homepage3-fpo.png" server="dash-analytics.com" local="3589391109" remote="3586900560" Dst="-1" /><file name="home-fpo.png" server="dash-analytics.com" local="3589391109" remote="3586900560" Dst="-1" /><file name="hp-2-fpo.jpg" server="dash-analytics.com" local="3589391110" remote="3588606240" Dst="-1" /><file name="hp-fpo.jpg" server="dash-analytics.com" local="3589391110" remote="3588187980" Dst="-1" /><file name="ight-arro-wfpo.jpg" server="dash-analytics.com" local="3589391110" remote="3589230000" Dst="-1" /><file name="ight-arrow-fpo.jpg" server="dash-analytics.com" local="3589391110" remote="3589230000" Dst="-1" /><file name="info-cta.jpg" server="dash-analytics.com" local="3589391111" remote="3586900560" Dst="-1" /><file name="hp-no-header-2-fpo.jpg" server="dash-analytics.com" local="3589824576" remote="3589828440" Dst="-1" /><file name="left-arrow-fpo.jpg" server="dash-analytics.com" local="3589391111" remote="3589230000" Dst="-1" /><file name="info-stats.jpg" server="dash-analytics.com" local="3589391111" remote="3586900560" Dst="-1" /><file name="hp-no-header-fpo.jpg" server="dash-analytics.com" local="3589391111" remote="3588361440" Dst="-1" /><file name="membership-fpo.jpg" server="dash-analytics.com" local="3589391111" remote="3586900560" Dst="-1" /><file name="meal-plans-fpo.jpg" server="dash-analytics.com" local="3589391112" remote="3587062740" Dst="-1" /><file name="personal-coach-fpo.jpg" server="dash-analytics.com" local="3589391112" remote="3587062740" Dst="-1" /><file name="popular-programs-fpo.jpg" server="dash-analytics.com" local="3589391112" remote="3587062740" Dst="-1" /><file name="right-arrow-fpo.jpg" server="dash-analytics.com" local="3589391112" remote="3589230000" Dst="-1" /><file name="productpage2-fpo.jpg" server="dash-analytics.com" local="3589391112" remote="3586900560" Dst="-1" /><file name="productpage1-fpo.png" server="dash-analytics.com" local="3589391113" remote="3586900560" Dst="-1" /><file name="section-circle-fpo.jpg" server="dash-analytics.com" local="3589393593" remote="3589397940" Dst="-1" /><file name="hp-no-header-3-fpo.jpg" server="dash-analytics.com" local="3590083631" remote="3590087280" Dst="-1" /><file name="plan-fpo2.jpg" server="dash-analytics.com" local="3590003300" remote="3590009160" Dst="-1" /><file name="plan-fpo1.jpg" server="dash-analytics.com" local="3590003279" remote="3590009160" Dst="-1" /><file name="plan-fpo3.jpg" server="dash-analytics.com" local="3590003318" remote="3590009160" Dst="-1" /><file name="ce-banner-fpo.jpg" server="dash-analytics.com" local="3590077064" remote="3590080920" Dst="-1" /><file name="ce-banner-fpo.png" server="dash-analytics.com" local="3590076928" remote="3590080920" Dst="-1" /><file name="bys-banner-fpo.jpg" server="dash-analytics.com" local="3590077076" remote="3590080920" Dst="-1" /><file name="tf-banner-fpo.jpg" server="dash-analytics.com" local="3590076897" remote="3590080920" Dst="-1" /><file name="bys-banner-fpo.png" server="dash-analytics.com" local="3590076944" remote="3590080920" Dst="-1" /></dwsync>