<?xml version="1.0" encoding="utf-8" ?>
<dwsync>
<file name=".DS_Store" server="ftp.bennettcodes.com//" local="131227112473093235" remote="131224435200000000" Dst="2" />
<file name="1.jpg" server="ftp.bennettcodes.com//" local="131227112474295087" remote="131224685400000000" Dst="2" />
<file name="11.jpg" server="ftp.bennettcodes.com//" local="131227112475932605" remote="131224685400000000" Dst="2" />
<file name="10.jpg" server="ftp.bennettcodes.com//" local="131227112476132910" remote="131224685400000000" Dst="2" />
<file name="12.jpg" server="ftp.bennettcodes.com//" local="131227112477144617" remote="131224685400000000" Dst="2" />
<file name="13.jpg" server="ftp.bennettcodes.com//" local="131227112478862116" remote="131224685400000000" Dst="2" />
<file name="14.jpg" server="ftp.bennettcodes.com//" local="131227112479578214" remote="131224685400000000" Dst="2" />
<file name="15.jpg" server="ftp.bennettcodes.com//" local="131227112479993998" remote="131224685400000000" Dst="2" />
<file name="16.jpg" server="ftp.bennettcodes.com//" local="131227112481716496" remote="131224685400000000" Dst="2" />
<file name="17.jpg" server="ftp.bennettcodes.com//" local="131227112482487680" remote="131224685400000000" Dst="2" />
<file name="18.jpg" server="ftp.bennettcodes.com//" local="131227112482899082" remote="131224685400000000" Dst="2" />
<file name="19.jpg" server="ftp.bennettcodes.com//" local="131227112484515371" remote="131224685400000000" Dst="2" />
<file name="2.jpg" server="ftp.bennettcodes.com//" local="131227112486117063" remote="131224685400000000" Dst="2" />
<file name="20.jpg" server="ftp.bennettcodes.com//" local="131227112486669114" remote="131224685400000000" Dst="2" />
<file name="21.jpg" server="ftp.bennettcodes.com//" local="131227112488142100" remote="131224685400000000" Dst="2" />
<file name="22.jpg" server="ftp.bennettcodes.com//" local="131227112490540775" remote="131224685400000000" Dst="2" />
<file name="23.jpg" server="ftp.bennettcodes.com//" local="131227112490691015" remote="131224685400000000" Dst="2" />
<file name="24.jpg" server="ftp.bennettcodes.com//" local="131227112491862979" remote="131224685400000000" Dst="2" />
<file name="25.jpg" server="ftp.bennettcodes.com//" local="131227112493410897" remote="131224685400000000" Dst="2" />
<file name="26.jpg" server="ftp.bennettcodes.com//" local="131227112493585983" remote="131224685400000000" Dst="2" />
<file name="27.jpg" server="ftp.bennettcodes.com//" local="131227112495069017" remote="131224685400000000" Dst="2" />
<file name="28.jpg" server="ftp.bennettcodes.com//" local="131227112496248628" remote="131224685400000000" Dst="2" />
<file name="29.jpg" server="ftp.bennettcodes.com//" local="131227112496812557" remote="131224685400000000" Dst="2" />
<file name="3.jpg" server="ftp.bennettcodes.com//" local="131227112497964145" remote="131224685400000000" Dst="2" />
<file name="30.jpg" server="ftp.bennettcodes.com//" local="131227112499120931" remote="131224685400000000" Dst="2" />
<file name="31.jpg" server="ftp.bennettcodes.com//" local="131227112499696838" remote="131224685400000000" Dst="2" />
<file name="32.jpg" server="ftp.bennettcodes.com//" local="131227112500953902" remote="131224685400000000" Dst="2" />
<file name="33.jpg" server="ftp.bennettcodes.com//" local="131227112501985510" remote="131224685400000000" Dst="2" />
<file name="34.jpg" server="ftp.bennettcodes.com//" local="131227112502631656" remote="131224685400000000" Dst="2" />
<file name="35.jpg" server="ftp.bennettcodes.com//" local="131227112504288676" remote="131224686000000000" Dst="2" />
<file name="36.jpg" server="ftp.bennettcodes.com//" local="131227112504919641" remote="131224686000000000" Dst="2" />
<file name="37.jpg" server="ftp.bennettcodes.com//" local="131227112506026629" remote="131224686000000000" Dst="2" />
<file name="38.jpg" server="ftp.bennettcodes.com//" local="131227112507198426" remote="131224686000000000" Dst="2" />
<file name="39.jpg" server="ftp.bennettcodes.com//" local="131227112508530639" remote="131224686000000000" Dst="2" />
<file name="4.jpg" server="ftp.bennettcodes.com//" local="131227112508881177" remote="131224685400000000" Dst="2" />
<file name="40.jpg" server="ftp.bennettcodes.com//" local="131227112510273336" remote="131224686000000000" Dst="2" />
<file name="41.jpg" server="ftp.bennettcodes.com//" local="131227112511635441" remote="131224686000000000" Dst="2" />
<file name="42.jpg" server="ftp.bennettcodes.com//" local="131227112512201306" remote="131224686000000000" Dst="2" />
<file name="43.jpg" server="ftp.bennettcodes.com//" local="131227112513287891" remote="131224686000000000" Dst="2" />
<file name="44.jpg" server="ftp.bennettcodes.com//" local="131227112514399592" remote="131224686000000000" Dst="2" />
<file name="45.jpg" server="ftp.bennettcodes.com//" local="131227112515025741" remote="131224686000000000" Dst="2" />
<file name="46.jpg" server="ftp.bennettcodes.com//" local="131227112516176991" remote="131224686000000000" Dst="2" />
<file name="47.jpg" server="ftp.bennettcodes.com//" local="131227112517311069" remote="131224686600000000" Dst="2" />
<file name="48.jpg" server="ftp.bennettcodes.com//" local="131227112518457825" remote="131224686600000000" Dst="2" />
<file name="49.jpg" server="ftp.bennettcodes.com//" local="131227112518963602" remote="131224686600000000" Dst="2" />
<file name="5.jpg" server="ftp.bennettcodes.com//" local="131227112520150607" remote="131224685400000000" Dst="2" />
<file name="50.jpg" server="ftp.bennettcodes.com//" local="131227112521297379" remote="131224686600000000" Dst="2" />
<file name="51.jpg" server="ftp.bennettcodes.com//" local="131227112521873252" remote="131224686600000000" Dst="2" />
<file name="52.jpg" server="ftp.bennettcodes.com//" local="131227112523487793" remote="131224686600000000" Dst="2" />
<file name="53.jpg" server="ftp.bennettcodes.com//" local="131227112524252686" remote="131224686600000000" Dst="2" />
<file name="54.jpg" server="ftp.bennettcodes.com//" local="131227112524774596" remote="131224686600000000" Dst="2" />
<file name="55.jpg" server="ftp.bennettcodes.com//" local="131227112526560941" remote="131224686600000000" Dst="2" />
<file name="56.jpg" server="ftp.bennettcodes.com//" local="131227112527193145" remote="131224686600000000" Dst="2" />
<file name="57.jpg" server="ftp.bennettcodes.com//" local="131227112527578850" remote="131224686600000000" Dst="2" />
<file name="58.jpg" server="ftp.bennettcodes.com//" local="131227112529371496" remote="131224686600000000" Dst="2" />
<file name="59.jpg" server="ftp.bennettcodes.com//" local="131227112530262868" remote="131224686600000000" Dst="2" />
<file name="6.jpg" server="ftp.bennettcodes.com//" local="131227112530643453" remote="131224685400000000" Dst="2" />
<file name="60.jpg" server="ftp.bennettcodes.com//" local="131227112532235900" remote="131224686600000000" Dst="2" />
<file name="61.jpg" server="ftp.bennettcodes.com//" local="131227112533292526" remote="131224686600000000" Dst="2" />
<file name="62.jpg" server="ftp.bennettcodes.com//" local="131227112533779836" remote="131224686600000000" Dst="2" />
<file name="63.jpg" server="ftp.bennettcodes.com//" local="131227112535497522" remote="131224686600000000" Dst="2" />
<file name="64.jpg" server="ftp.bennettcodes.com//" local="131227112536407337" remote="131224686600000000" Dst="2" />
<file name="65.jpg" server="ftp.bennettcodes.com//" local="131227112536527532" remote="131224686600000000" Dst="2" />
<file name="66.jpg" server="ftp.bennettcodes.com//" local="131227112538570564" remote="131224686600000000" Dst="2" />
<file name="67.jpg" server="ftp.bennettcodes.com//" local="131227112539281608" remote="131224686600000000" Dst="2" />
<file name="68.jpg" server="ftp.bennettcodes.com//" local="131227112539587268" remote="131224686600000000" Dst="2" />
<file name="69.jpg" server="ftp.bennettcodes.com//" local="131227112541600181" remote="131224687200000000" Dst="2" />
<file name="7.jpg" server="ftp.bennettcodes.com//" local="131227112542206255" remote="131224685400000000" Dst="2" />
<file name="70.jpg" server="ftp.bennettcodes.com//" local="131227112542641772" remote="131224687200000000" Dst="2" />
<file name="71.jpg" server="ftp.bennettcodes.com//" local="131227112544347430" remote="131224687200000000" Dst="2" />
<file name="72.jpg" server="ftp.bennettcodes.com//" local="131227112545362307" remote="131224687200000000" Dst="2" />
<file name="73.jpg" server="ftp.bennettcodes.com//" local="131227112545702427" remote="131224687200000000" Dst="2" />
<file name="74.jpg" server="ftp.bennettcodes.com//" local="131227112547313375" remote="131224687200000000" Dst="2" />
<file name="75.jpg" server="ftp.bennettcodes.com//" local="131227112548390215" remote="131224687200000000" Dst="2" />
<file name="76.jpg" server="ftp.bennettcodes.com//" local="131227112548976652" remote="131224687200000000" Dst="2" />
<file name="77.jpg" server="ftp.bennettcodes.com//" local="131227112550809424" remote="131224687200000000" Dst="2" />
<file name="8.jpg" server="ftp.bennettcodes.com//" local="131227112551230125" remote="131224685400000000" Dst="2" />
<file name="9.jpg" server="ftp.bennettcodes.com//" local="131227112551981080" remote="131224685400000000" Dst="2" />
</dwsync>